Order ID,Order Date,Region,Category,Product,Quantity,Unit Price,Revenue,Profit,Customer Segment
11743,2025-11-21,Dammam,home & kitchen,Air Fryer,2,,762.8,304.9,Online
11854,2025-12-07,  DAMMAM  ,Home & Kitchen,Vacuum Cleaner,1,629.96,629.96,279.89,Wholesale
13055,2026-06-26,Madinah,Sports,Cycling Helmet,3,184.06,552.18,233.68,Retail
11820,2025-12-02,Riyadh,beauty,Hair Dryer,5,181.86,$909.30,SAR 347.76,Retail
12117,2026-01-18,Madinah,Sports,Dumbbell Set,,243.62,1461.72,645.86,Retail
11606,2025-10-29,Madinah,Home & Kitchen,Non-stick Pan Set,6,252.42,1514.52,SAR 569.26,Wholesale
12856,2026-05-22,Jeddah,Beauty,Perfume,5,331.75,"$1,658.75",590.23,Wholesale
11054,2025-07-25,Riyadh,Beauty,Makeup Kit,4,229.97,919.88,SAR 365.15,
12382,2026-03-03,Jeddah,Beauty,Hair Dryer,1,170.82,170.82,62.18,Wholesale
10505,2025-04-26,Riyadh,Clothing,Leather Belt,3,111.9,335.7,95.85,Retail
10020,2025-02-03,Dammam,Electronics,Bluetooth Speaker,4,186.97,$747.88,336.13,Online
11995,2025-12-29,Makkah,electronics,Laptop Stand,3,75.73,227.19,83.23,Online
10154,2025-02-28,Makkah,Beauty,Face Serum,2,128.4,256.8,99.89,
10823,2025-06-18,Jeddah,Clothing,Running Shoes,6,321.81,1930.86,696.95,Retail
12857,2026-05-22,Madinah,Sports,Cycling Helmet,5,199.26,$996.30,382.55,Wholesale
11126,2025-08-07,Makkah,home & kitchen,Coffee Maker,5,253.97,1269.85,532.71,Retail
12778,2026-05-09,Makkah,Electronics,Smart Watch,2,406.49,812.98,309.5,Retail
11056,2025-07-26,Dammam,Clothing,Cotton T-Shirt,6,60.35,$362.10,156.47,Wholesale
13252,2026-07-30,Riyadh,beauty,Perfume,4,336.8,1347.2,433.06,Online
10908,2025-06-30,Makkah,Beauty,Hair Dryer,1,148.55,148.55,46.49,Wholesale
12691,2026-04-25,Makkah,Home & Kitchen,Coffee Maker,5,317.45,1587.25,459.05,Online
10692,2025-05-28,Madinah,sports,Sports Bottle,3,44.74,134.22,47.22,Online
10044,2025-02-08,Makkah,Clothing,Running Shoes,4,292.73,1170.92,377.25,Retail
12206,2026-02-02,Makkah,Beauty,Face Serum,3,136.47,409.41,160.67,Wholesale
13175,2026-07-18,Riyadh,Sports,Sports Bottle,2,39.14,78.28,26.67,Retail
10427,2025-04-14,Makkah,Beauty,Hair Dryer,5,168.24,841.2,288.76,Wholesale
12016,2025-12-31,Jeddah,Clothing,Leather Belt,1,,92.27,SAR 39.08,Online
10881,2025-06-27,Madinah,Electronics,Smart Watch,5,394.04,1970.2,SAR 779.92,Retail
11089,2025-08-01,Jeddah,Beauty,Makeup Kit,3,232.47,697.41,283.43,Online
10832,2025-06-19,Jeddah,clothing,Cotton T-Shirt,2,66.77,133.54,37.72,Online
12111,2026-01-17,Makkah,Sports,Yoga Mat,5,82.12,410.6,SAR 139.06,Online
11060,2025-07-27,Dammam,Beauty,Makeup Kit,4,233.6,$934.40,269.55,Wholesale
10525,2025-04-30,Riyadh,Sports,Cycling Helmet,5,218.92,1094.6,366.49,Online
12086,2026-01-13,Makkah,Sports,Resistance Bands,1,65.01,65.01,22.58,Online
12454,2026-03-14,Jeddah,Sports,Resistance Bands,3,55.11,165.33,47.03,Wholesale
10479,2025-04-22,  DAMMAM  ,Clothing,Cotton T-Shirt,4,65.71,262.84,93.44,Online
11351,2025-09-18,Jeddah,Electronics,Smart Watch,,413.85,2069.25,SAR 651.42,Retail
12329,2026-02-22,Dammam,Sports,Resistance Bands,2,55.34,110.68,39.39,Wholesale
12551,2026-03-29,Jeddah,Clothing,Denim Jacket,5,261.57,"$1,307.85",555.65,
10888,2025-06-28,  MAKKAH  ,Clothing,Denim Jacket,,277.7,$555.40,191.68,Wholesale
10891,2025-06-28,Madinah,Sports,Dumbbell Set,,230.51,1152.55,358.46,Retail
11136,2025-08-08,Madinah,Sports,Dumbbell Set,4,281.4,1125.6,459.42,Wholesale
12759,2026-05-06,Makkah,Electronics,Laptop Stand,2,63.16,126.32,56.29,Online
11132,2025-08-08,Makkah,Home & Kitchen,Coffee Maker,6,283.68,1702.08,732.36,Wholesale
12658,2026-04-17,Madinah,Beauty,Perfume,5,352.68,1763.4,704.0,Retail
10743,2025-06-05,Makkah,Sports,Cycling Helmet,3,224.32,672.96,247.73,Retail
10151,2025-02-28,Madinah,Clothing,Denim Jacket,4,263.81,1055.24,392.42,Online
11679,2025-11-11,Makkah,Electronics,Wireless Earbuds,1,144.16,$144.16,40.7,Retail
12513,2026-03-24,Riyadh,Home & Kitchen,Non-stick Pan Set,4,208.41,833.64,313.53,Retail
11165,2025-08-13,Riyadh,Home & Kitchen,Air Fryer,1,369.1,369.1,SAR 121.35,Wholesale
13237,2026-07-28,Madinah,Clothing,Denim Jacket,3,239.16,717.48,SAR 247.40,Online
12326,2026-02-21,Riyadh,Electronics,Bluetooth Speaker,1,206.39,206.39,SAR 83.46,Retail
10268,2025-03-20,Makkah,sports,Sports Bottle,4,43.13,172.52,SAR 75.47,Wholesale
13243,2026-07-29,Jeddah,Sports,Cycling Helmet,4,228.69,914.76,SAR 310.54,Wholesale
11282,2025-09-04,Jeddah,Sports,Cycling Helmet,4,222.8,891.2,391.14,Retail
10736,2025-06-04,Jeddah,Home & Kitchen,Air Fryer,2,,657.32,284.28,Retail
12815,2026-05-15,Riyadh,Beauty,Skincare Set,3,,888.45,303.81,Wholesale
10161,2025-03-02,  MAKKAH  ,Home & Kitchen,Blender,1,202.4,202.4,88.49,Retail
12306,2026-02-18,,clothing,Denim Jacket,4,262.38,1049.52,331.25,Wholesale
11875,2025-12-09,  RIYADH  ,Sports,Dumbbell Set,4,232.8,931.2,326.14,Wholesale
11653,2025-11-06,  RIYADH  ,Electronics,Laptop Stand,,79.18,475.08,146.32,Online
11139,2025-08-09,Makkah,beauty,Makeup Kit,5,233.13,"$1,165.65",459.26,Retail
11978,2025-12-26,Dammam,Home & Kitchen,Coffee Maker,3,274.38,823.14,SAR 320.89,Online
11957,2025-12-22,Dammam,Clothing,Running Shoes,2,285.87,571.74,230.23,Online
12927,2026-06-01,  RIYADH  ,Sports,Yoga Mat,6,100.01,600.06,227.0,Online
12544,2026-03-29,Riyadh,Sports,Yoga Mat,3,97.42,292.26,125.95,Retail
10782,2025-06-12,Madinah,Sports,Sports Bottle,6,36.13,216.78,SAR 74.02,Wholesale
10067,2025-02-12,Dammam,Sports,Dumbbell Set,2,250.27,500.54,SAR 145.23,
13257,2026-07-30,Madinah,Electronics,Wireless Earbuds,,165.36,661.44,205.36,Online
12613,2026-04-10,Madinah,sports,Sports Bottle,4,41.74,166.96,46.91,Wholesale
10027,2025-02-04,Jeddah,Home & Kitchen,Non-stick Pan Set,6,243.31,1459.86,548.21,Online
12204,2026-02-02,Jeddah,Beauty,Face Serum,3,147.11,441.33,193.58,
13027,2026-06-21,Makkah,Beauty,Skincare Set,5,275.01,1375.05,SAR 523.87,Online
12920,2026-05-31,Dammam,Electronics,Smart Watch,4,409.07,1636.28,543.17,Retail
10680,2025-05-26,Dammam,Beauty,Skincare Set,5,237.56,1187.8,SAR 458.14,Retail
11805,2025-11-29,Riyadh,Home & Kitchen,Non-stick Pan Set,4,218.77,875.08,263.53,Online
10961,2025-07-09,Madinah,Electronics,Smart Watch,1,438.01,438.01,150.03,Wholesale
12653,2026-04-17,Riyadh,Home & Kitchen,Air Fryer,1,381.84,381.84,SAR 160.32,Wholesale
10336,2025-04-01,  JEDDAH  ,Home & Kitchen,Coffee Maker,6,304.49,1826.94,812.12,Online
12797,2026-05-13,Dammam,Sports,Cycling Helmet,3,188.0,564.0,225.68,Wholesale
11453,2025-10-05,  MAKKAH  ,Beauty,Perfume,2,346.67,693.34,298.66,Online
10202,2025-03-08,Makkah,Clothing,Denim Jacket,4,257.25,"$1,029.00",422.8,Online
12676,2026-04-22,Makkah,home & kitchen,Blender,6,227.52,"$1,365.12",483.87,Wholesale
10641,2025-05-19,  RIYADH  ,Electronics,Smart Watch,3,414.77,"$1,244.31",SAR 438.32,Retail
11012,2025-07-19,Dammam,Sports,Dumbbell Set,5,269.45,1347.25,395.03,Wholesale
10529,2025-04-30,Riyadh,beauty,Skincare Set,4,268.85,1075.4,327.32,Online
10078,2025-02-14,  MAKKAH  ,Home & Kitchen,Coffee Maker,6,270.44,1622.64,515.67,Wholesale
10209,2025-03-09,  JEDDAH  ,Clothing,Cotton T-Shirt,2,56.88,$113.76,47.84,Retail
11307,2025-09-09,Jeddah,Home & Kitchen,Vacuum Cleaner,6,658.77,3952.62,1164.69,Online
11682,2025-11-11,Jeddah,Sports,Sports Bottle,2,37.28,74.56,24.99,Retail
12696,2026-04-26,Jeddah,Home & Kitchen,Vacuum Cleaner,3,566.75,"$1,700.25",580.87,Wholesale
12466,2026-03-15,Makkah,Sports,Yoga Mat,5,90.21,$451.05,179.72,Retail
12141,2026-01-23,Dammam,Electronics,Smart Watch,1,427.36,427.36,191.88,Retail
10818,2025-06-17,Dammam,Clothing,Leather Belt,,109.19,$327.57,SAR 112.56,Wholesale
10387,2025-04-08,  MADINAH  ,Clothing,Running Shoes,3,314.19,942.57,312.75,Wholesale
10312,2025-03-28,Makkah,Clothing,Cotton T-Shirt,4,64.72,258.88,108.3,Online
12389,2026-03-04,Riyadh,clothing,Cotton T-Shirt,1,,60.05,26.69,Wholesale
10046,2025-02-08,  MADINAH  ,Home & Kitchen,Coffee Maker,3,312.54,$937.62,281.78,Wholesale
12429,2026-03-10,Riyadh,Sports,Yoga Mat,1,83.71,83.71,32.8,Online
11195,2025-08-19,Dammam,Clothing,Cotton T-Shirt,1,66.23,66.23,23.72,Wholesale
12823,2026-05-17,  MADINAH  ,Beauty,Hair Dryer,1,178.79,178.79,69.71,Retail
12019,2026-01-01,Jeddah,clothing,Running Shoes,,327.9,327.9,145.88,Retail
11006,2025-07-18,  MADINAH  ,home & kitchen,Coffee Maker,2,309.64,619.28,205.73,Online
11407,2025-09-28,Makkah,Beauty,Face Serum,5,139.54,697.7,280.47,Retail
10868,2025-06-24,Dammam,Sports,Resistance Bands,5,61.0,305.0,126.45,Online
11861,2025-12-08,Jeddah,sports,Resistance Bands,5,53.31,$266.55,89.84,Wholesale
10039,2025-02-07,  MADINAH  ,Sports,Yoga Mat,6,87.08,522.48,230.66,Wholesale
10340,2025-04-02,  DAMMAM  ,Sports,Cycling Helmet,6,219.81,"$1,318.86",SAR 540.37,Retail
11231,2025-08-25,Jeddah,Clothing,Running Shoes,5,342.75,1713.75,543.35,Online
10446,2025-04-17,  DAMMAM  ,Electronics,Smart Watch,4,397.59,1590.36,SAR 650.48,Online
12517,2026-03-24,Madinah,Clothing,Running Shoes,3,318.53,955.59,370.52,Retail
11920,2025-12-16,  MAKKAH  ,Clothing,Wool Scarf,6,80.95,$485.70,174.62,Retail
10553,2025-05-04,  DAMMAM  ,Clothing,Denim Jacket,5,271.75,"$1,358.75",403.62,Online
12672,2026-04-20,Jeddah,Sports,Dumbbell Set,6,224.54,1347.24,536.43,Retail
10747,2025-06-05,Jeddah,Electronics,Laptop Stand,3,65.35,196.05,58.82,Wholesale
10963,2025-07-09,Madinah,home & kitchen,Non-stick Pan Set,6,252.32,1513.92,482.43,Online
10261,2025-03-19,Dammam,Clothing,Cotton T-Shirt,1,63.95,63.95,23.35,Wholesale
12208,2026-02-02,Dammam,Clothing,Running Shoes,5,341.64,1708.2,750.36,Wholesale
11687,2025-11-12,Madinah,Electronics,Power Bank,2,94.26,188.52,SAR 78.91,Online
12446,2026-03-13,Dammam,Electronics,Power Bank,1,87.04,87.04,26.18,Retail
12162,2026-01-27,Dammam,clothing,Running Shoes,3,276.69,$830.07,SAR 294.24,Retail
11968,2025-12-24,Makkah,Clothing,Leather Belt,6,104.31,625.86,233.09,Retail
11528,2025-10-17,Jeddah,Beauty,Face Serum,6,147.22,883.32,SAR 341.68,Online
11770,2025-11-25,Makkah,Home & Kitchen,Vacuum Cleaner,6,678.39,"$4,070.34",1317.63,Retail
12864,2026-05-23,Riyadh,Home & Kitchen,Air Fryer,5,388.68,1943.4,623.1,Online
11225,2025-08-25,Makkah,electronics,Bluetooth Speaker,2,199.64,399.28,157.67,Wholesale
11948,2025-12-20,  MAKKAH  ,Clothing,Running Shoes,3,291.17,$873.51,327.05,Wholesale
11798,2025-11-28,Jeddah,Home & Kitchen,Non-stick Pan Set,4,251.71,1006.84,385.95,Wholesale
11900,2025-12-13,Madinah,Home & Kitchen,Air Fryer,2,399.67,799.34,287.45,Wholesale
11865,2025-12-08,Riyadh,sports,Sports Bottle,1,36.23,$36.23,15.75,Online
13098,2026-07-06,Makkah,Electronics,Smart Watch,2,373.27,746.54,273.47,Wholesale
10511,2025-04-26,Madinah,Clothing,Denim Jacket,4,228.69,914.76,280.12,Wholesale
10686,2025-05-28,  MADINAH  ,Electronics,Power Bank,2,85.76,171.52,54.85,Retail
10631,2025-05-18,Madinah,beauty,Face Serum,3,123.23,369.69,152.95,Wholesale
11706,2025-11-15,Riyadh,Clothing,Cotton T-Shirt,2,66.28,$132.56,51.55,Wholesale
12848,2026-05-21,Jeddah,Clothing,Running Shoes,,299.65,898.95,254.39,Wholesale
12495,2026-03-20,,Sports,Dumbbell Set,4,250.55,1002.2,346.9,
11724,2025-11-17,Dammam,Home & Kitchen,Coffee Maker,3,281.55,844.65,371.78,Retail
12433,2026-03-11,  MAKKAH  ,Beauty,Makeup Kit,6,217.3,"$1,303.80",387.24,Retail
11390,2025-09-25,  MADINAH  ,Beauty,Hair Dryer,4,181.06,$724.24,266.54,Online
11587,2025-10-27,Madinah,Home & Kitchen,Blender,2,226.82,$453.64,127.57,Retail
12070,2026-01-10,Makkah,Home & Kitchen,Coffee Maker,4,,1243.4,488.98,Online
11026,2025-07-21,Makkah,Clothing,Cotton T-Shirt,1,55.37,$55.37,22.09,Online
11324,2025-09-11,Madinah,home & kitchen,Non-stick Pan Set,4,215.54,862.16,SAR 357.58,
12634,2026-04-13,Makkah,Beauty,Skincare Set,3,277.49,$832.47,294.06,Retail
11401,2025-09-27,Jeddah,Beauty,Perfume,2,366.58,$733.16,311.74,Online
11950,2025-12-21,Dammam,electronics,Smart Watch,3,415.31,1245.93,409.48,Wholesale
11608,2025-10-30,Riyadh,Sports,Cycling Helmet,3,187.34,562.02,233.24,Online
11690,2025-11-13,Makkah,Electronics,Power Bank,4,98.2,392.8,166.87,Wholesale
10550,2025-05-03,Madinah,Beauty,Skincare Set,1,233.58,$233.58,65.43,Wholesale
12682,2026-04-23,Jeddah,clothing,Leather Belt,,,558.05,230.81,Wholesale
12812,2026-05-15,Dammam,Clothing,Wool Scarf,1,74.01,74.01,31.91,Retail
12037,2026-01-04,Madinah,Home & Kitchen,Air Fryer,3,351.31,"$1,053.93",469.72,Online
12474,2026-03-17,Dammam,Beauty,Makeup Kit,6,241.15,1446.9,506.92,Online
10663,2025-05-24,Makkah,Sports,Cycling Helmet,1,198.84,198.84,72.5,Online
12767,2026-05-07,Madinah,Sports,Dumbbell Set,3,269.1,807.3,314.7,Wholesale
12176,2026-01-29,Riyadh,Home & Kitchen,Non-stick Pan Set,3,227.1,681.3,247.22,Wholesale
12917,2026-05-30,  DAMMAM  ,Sports,Resistance Bands,2,53.77,$107.54,41.3,Retail
12442,2026-03-12,Riyadh,clothing,Leather Belt,5,103.94,519.7,225.02,Retail
12490,2026-03-20,Jeddah,Home & Kitchen,Blender,6,200.58,1203.48,SAR 400.82,Retail
12239,2026-02-07,Dammam,Home & Kitchen,Vacuum Cleaner,3,615.6,1846.8,780.87,Retail
11173,2025-08-14,Dammam,Beauty,Hair Dryer,5,151.34,756.7,SAR 251.66,Retail
12559,2026-03-31,Madinah,Sports,Dumbbell Set,4,259.71,1038.84,381.76,Wholesale
11707,2025-11-15,Madinah,Sports,Yoga Mat,3,84.22,252.66,82.34,Online
12483,2026-03-19,Madinah,Clothing,Cotton T-Shirt,4,63.26,$253.04,90.59,Online
12566,2026-04-01,Dammam,Home & Kitchen,Vacuum Cleaner,2,679.11,1358.22,446.19,Wholesale
11419,2025-09-30,Dammam,Sports,Dumbbell Set,1,244.35,244.35,80.31,Online
11914,2025-12-15,  JEDDAH  ,beauty,Makeup Kit,6,234.82,1408.92,589.53,Online
12789,2026-05-12,Makkah,Sports,Resistance Bands,6,66.26,$397.56,172.8,Wholesale
12997,2026-06-15,Riyadh,Beauty,Face Serum,5,125.81,$629.05,179.59,Online
12922,2026-06-01,Makkah,Beauty,Perfume,2,343.26,686.52,307.99,Retail
10279,2025-03-22,Dammam,Sports,Dumbbell Set,3,277.73,833.19,329.71,Wholesale
10499,2025-04-25,Jeddah,Home & Kitchen,Coffee Maker,3,255.25,765.75,325.36,Online
11349,2025-09-17,  JEDDAH  ,Clothing,Leather Belt,,102.01,408.04,170.89,Online
13158,2026-07-15,  RIYADH  ,Sports,Cycling Helmet,4,194.37,777.48,260.03,Wholesale
11804,2025-11-29,Makkah,Beauty,Makeup Kit,1,,211.79,69.09,Wholesale
11409,2025-09-28,Dammam,Beauty,Hair Dryer,5,148.57,742.85,SAR 246.39,Wholesale
11161,2025-08-13,Jeddah,Electronics,Smart Watch,4,423.8,"$1,695.20",575.6,Wholesale
11800,2025-11-29,Makkah,Home & Kitchen,Coffee Maker,6,280.73,1684.38,707.52,Wholesale
11634,2025-11-03,Riyadh,clothing,Wool Scarf,4,,$299.24,SAR 129.34,
12247,2026-02-08,Madinah,Clothing,Wool Scarf,4,82.18,328.72,SAR 131.98,Online
11636,2025-11-03,Jeddah,Sports,Yoga Mat,2,84.97,169.94,65.97,Wholesale
13177,2026-07-18,Jeddah,Home & Kitchen,Blender,3,226.35,679.05,276.47,Online
10683,2025-05-27,Madinah,Electronics,Wireless Earbuds,4,158.66,634.64,188.27,Online
10541,2025-05-02,Jeddah,Electronics,Smart Watch,,404.63,404.63,118.93,Online
12969,2026-06-11,Riyadh,Sports,Cycling Helmet,6,198.02,1188.12,490.1,Online
12167,2026-01-27,  MADINAH  ,Sports,Dumbbell Set,4,279.75,1119.0,SAR 318.97,Online
11663,2025-11-08,  MAKKAH  ,Beauty,Skincare Set,3,,755.31,215.41,Wholesale
13105,2026-07-07,Madinah,Beauty,Skincare Set,6,255.72,1534.32,530.79,Wholesale
10847,2025-06-21,Riyadh,Beauty,Perfume,4,361.52,1446.08,649.32,Wholesale
10841,2025-06-20,Madinah,Clothing,Wool Scarf,1,,76.04,25.28,Online
12643,2026-04-15,Madinah,Electronics,Laptop Stand,6,68.85,413.1,160.21,Online
11778,2025-11-26,Jeddah,Home & Kitchen,Non-stick Pan Set,3,208.86,$626.58,226.82,Online
11253,2025-08-30,Riyadh,Home & Kitchen,Non-stick Pan Set,5,231.8,1159.0,520.53,Retail
11300,2025-09-08,Madinah,Electronics,Power Bank,6,91.51,$549.06,176.03,Retail
12030,2026-01-03,  MAKKAH  ,Sports,Cycling Helmet,5,,1039.05,311.5,Retail
10062,2025-02-11,Riyadh,Home & Kitchen,Coffee Maker,5,318.24,1591.2,SAR 644.23,Retail
12584,2026-04-04,Jeddah,Home & Kitchen,Non-stick Pan Set,5,214.63,1073.15,375.72,Wholesale
10879,2025-06-27,Jeddah,Home & Kitchen,Blender,5,194.98,974.9,365.6,Retail
11523,2025-10-16,Jeddah,Beauty,Face Serum,5,139.16,$695.80,250.78,Online
12093,2026-01-13,Madinah,Sports,Sports Bottle,2,42.57,$85.14,24.13,Online
10079,2025-02-14,Jeddah,Home & Kitchen,Non-stick Pan Set,1,246.95,246.95,SAR 101.28,Wholesale
12343,2026-02-24,Makkah,Clothing,Denim Jacket,2,277.24,554.48,SAR 188.72,Online
12191,2026-01-31,  JEDDAH  ,Beauty,Makeup Kit,3,237.37,712.11,256.22,Online
11491,2025-10-11,Makkah,Sports,Cycling Helmet,3,194.19,582.57,240.34,Online
11025,2025-07-21,Madinah,Beauty,Face Serum,3,143.02,429.06,170.91,Online
10497,2025-04-25,Madinah,home & kitchen,Coffee Maker,4,253.75,"$1,015.00",447.06,Online
11629,2025-11-02,Makkah,home & kitchen,Coffee Maker,2,291.8,583.6,250.72,Wholesale
10837,2025-06-20,Riyadh,clothing,Running Shoes,4,298.85,"$1,195.40",SAR 476.04,Wholesale
10661,2025-05-23,Riyadh,sports,Resistance Bands,5,66.29,331.45,118.74,Online
12137,2026-01-22,  JEDDAH  ,Home & Kitchen,Vacuum Cleaner,1,572.83,572.83,196.69,Wholesale
12550,2026-03-29,Makkah,Home & Kitchen,Air Fryer,5,326.25,1631.25,SAR 457.60,Retail
10518,2025-04-28,Madinah,Beauty,Hair Dryer,1,144.12,144.12,60.67,Wholesale
11570,2025-10-25,  RIYADH  ,Sports,Cycling Helmet,2,195.21,$390.42,110.22,Online
10948,2025-07-06,Jeddah,Clothing,Leather Belt,1,113.05,113.05,38.17,Wholesale
12509,2026-03-23,Dammam,Electronics,Laptop Stand,1,74.51,74.51,21.01,Wholesale
12579,2026-04-02,Madinah,Sports,Sports Bottle,3,35.39,$106.17,33.25,Retail
11352,2025-09-18,Jeddah,Sports,Yoga Mat,4,,384.92,152.83,Online
12308,2026-02-18,,electronics,Power Bank,1,92.6,92.6,30.58,Retail
10083,2025-02-15,Makkah,Beauty,Face Serum,3,125.73,377.19,144.73,Wholesale
10586,2025-05-11,Riyadh,Electronics,Smart Watch,6,423.66,2541.96,1001.86,Wholesale
10170,2025-03-03,Jeddah,Beauty,Perfume,2,388.74,777.48,336.73,Online
12916,2026-05-30,Dammam,Sports,Cycling Helmet,2,226.85,453.7,176.46,Retail
11640,2025-11-04,Makkah,Home & Kitchen,Blender,1,225.21,225.21,98.13,Wholesale
12949,2026-06-06,Makkah,Home & Kitchen,Vacuum Cleaner,5,645.5,3227.5,1067.7,Online
11375,2025-09-22,Dammam,Beauty,Perfume,6,393.76,2362.56,1019.3,Online
11415,2025-09-30,Makkah,Electronics,Power Bank,,88.6,531.6,182.07,Wholesale
12354,2026-02-26,Makkah,clothing,Cotton T-Shirt,6,56.76,340.56,116.19,Retail
12535,2026-03-27,  JEDDAH  ,Beauty,Skincare Set,6,237.08,1422.48,473.68,Retail
13047,2026-06-26,Madinah,Home & Kitchen,Vacuum Cleaner,4,591.31,2365.24,SAR 951.09,Online
10054,2025-02-10,Jeddah,Electronics,Bluetooth Speaker,3,223.82,671.46,211.28,Retail
10296,2025-03-25,Madinah,Clothing,Cotton T-Shirt,5,60.19,$300.95,108.61,Online
10088,2025-02-17,Dammam,home & kitchen,Non-stick Pan Set,3,249.15,$747.45,230.64,Wholesale
12702,2026-04-26,Makkah,Beauty,Face Serum,2,138.25,276.5,100.93,Online
10416,2025-04-12,Makkah,Clothing,Cotton T-Shirt,5,53.56,267.8,85.86,Wholesale
10056,2025-02-10,Madinah,Clothing,Denim Jacket,2,284.87,569.74,177.86,Wholesale
12557,2026-03-30,Madinah,electronics,Wireless Earbuds,4,139.84,559.36,SAR 208.39,Wholesale
12198,2026-02-01,Makkah,Home & Kitchen,Non-stick Pan Set,4,255.83,1023.32,379.71,Retail
11810,2025-12-01,Jeddah,Sports,Dumbbell Set,1,226.35,226.35,101.09,Online
12116,2026-01-18,Riyadh,Sports,Yoga Mat,2,101.17,202.34,80.49,Online
11650,2025-11-06,Dammam,Beauty,Hair Dryer,1,169.57,169.57,63.97,Retail
10745,2025-06-05,  RIYADH  ,Sports,Dumbbell Set,3,241.95,725.85,260.6,Online
11825,2025-12-03,Jeddah,Electronics,Bluetooth Speaker,6,207.22,1243.32,473.57,Retail
11618,2025-10-31,Dammam,Clothing,Denim Jacket,1,274.07,274.07,100.1,Wholesale
12405,2026-03-06,Dammam,Sports,Dumbbell Set,1,278.21,278.21,117.43,Wholesale
11259,2025-08-31,Makkah,Sports,Yoga Mat,1,101.78,101.78,29.94,Wholesale
10429,2025-04-14,Makkah,Beauty,Makeup Kit,5,197.24,$986.20,314.0,Online
10439,2025-04-16,Makkah,Electronics,Wireless Earbuds,1,145.77,145.77,43.76,Retail
12475,2026-03-17,Makkah,Sports,Cycling Helmet,5,196.86,$984.30,379.36,Online
11058,2025-07-26,Jeddah,Electronics,Bluetooth Speaker,2,195.95,391.9,136.72,Wholesale
10817,2025-06-17,Makkah,Beauty,Hair Dryer,1,156.88,156.88,61.21,Online
12734,2026-05-02,Dammam,Beauty,Perfume,6,351.57,2109.42,858.24,Retail
10733,2025-06-03,Jeddah,Home & Kitchen,Coffee Maker,3,273.2,819.6,328.22,
10483,2025-04-22,Jeddah,Beauty,Hair Dryer,1,179.08,179.08,55.34,Wholesale
13143,2026-07-13,Jeddah,Sports,Dumbbell Set,1,266.0,266.0,SAR 81.30,Online
10091,2025-02-17,Madinah,Clothing,Denim Jacket,,253.58,$507.16,SAR 218.36,Retail
12098,2026-01-14,  MAKKAH  ,Beauty,Perfume,2,388.02,776.04,325.08,Wholesale
10646,2025-05-20,Riyadh,beauty,Hair Dryer,5,151.84,$759.20,245.26,
11715,2025-11-16,Makkah,Home & Kitchen,Air Fryer,1,343.59,343.59,139.38,Wholesale
10073,2025-02-13,Makkah,Beauty,Skincare Set,2,279.61,559.22,215.15,Wholesale
11487,2025-10-10,Jeddah,home & kitchen,Air Fryer,5,319.4,1597.0,454.63,Retail
11019,2025-07-20,Riyadh,Home & Kitchen,Blender,3,194.43,583.29,218.3,Online
10678,2025-05-26,Jeddah,Beauty,Skincare Set,4,289.26,1157.04,487.12,Wholesale
13063,2026-06-27,  MADINAH  ,Home & Kitchen,Non-stick Pan Set,1,237.9,237.9,89.65,Retail
11330,2025-09-12,Riyadh,Electronics,Bluetooth Speaker,2,201.02,402.04,SAR 168.76,Online
10155,2025-02-28,,Electronics,Power Bank,3,80.28,240.84,SAR 72.96,
13153,2026-07-14,Madinah,Electronics,Smart Watch,3,403.81,1211.43,481.7,Online
10645,2025-05-20,Dammam,Sports,Yoga Mat,3,97.13,$291.39,109.44,Wholesale
12900,2026-05-28,  MADINAH  ,Home & Kitchen,Blender,1,181.21,181.21,62.17,Wholesale
11616,2025-10-31,  DAMMAM  ,sports,Dumbbell Set,5,237.64,1188.2,SAR 421.38,Online
10213,2025-03-10,  MAKKAH  ,Beauty,Face Serum,1,127.99,127.99,51.35,Online
11017,2025-07-20,Makkah,Clothing,Wool Scarf,3,83.01,249.03,90.41,Retail
10573,2025-05-08,Jeddah,Clothing,Denim Jacket,2,269.8,539.6,188.73,Retail
12910,2026-05-29,Jeddah,beauty,Skincare Set,5,236.31,1181.55,460.62,Online
10642,2025-05-20,Makkah,Beauty,Perfume,6,349.39,2096.34,830.59,Wholesale
10420,2025-04-13,Jeddah,Home & Kitchen,Air Fryer,4,337.03,1348.12,409.05,Retail
11140,2025-08-09,Madinah,Beauty,Makeup Kit,6,251.84,1511.04,447.01,Online
11961,2025-12-23,Riyadh,Electronics,Power Bank,,91.74,458.7,187.33,Online
11215,2025-08-23,Makkah,Home & Kitchen,Vacuum Cleaner,1,682.57,682.57,SAR 203.88,Online
11933,2025-12-18,Jeddah,Sports,Cycling Helmet,5,228.8,1144.0,398.2,Online
12560,2026-03-31,Makkah,Sports,Dumbbell Set,5,237.23,"$1,186.15",428.01,Wholesale
11737,2025-11-20,Riyadh,Clothing,Denim Jacket,4,235.58,942.32,354.99,Retail
13079,2026-07-02,Makkah,Beauty,Makeup Kit,1,221.06,221.06,SAR 83.44,Wholesale
12674,2026-04-21,Jeddah,Sports,Sports Bottle,3,35.34,106.02,44.73,Wholesale
11176,2025-08-15,Dammam,Clothing,Denim Jacket,5,226.09,1130.45,496.47,Wholesale
13183,2026-07-19,Dammam,Sports,Resistance Bands,6,64.69,388.14,150.09,Retail
10962,2025-07-09,Jeddah,Electronics,Power Bank,1,80.24,80.24,33.66,Retail
11896,2025-12-12,Riyadh,Beauty,Face Serum,3,138.23,414.69,179.46,Wholesale
13261,2026-07-31,Dammam,Electronics,Smart Watch,6,359.94,2159.64,967.26,Retail
11000,2025-07-17,Makkah,Sports,Dumbbell Set,4,245.68,982.72,368.07,
10584,2025-05-10,Jeddah,Beauty,Makeup Kit,,222.52,667.56,289.08,Retail
13132,2026-07-11,Makkah,Beauty,Perfume,1,378.45,378.45,122.36,
10383,2025-04-07,,Home & Kitchen,Blender,4,186.36,745.44,314.26,Wholesale
10241,2025-03-15,Makkah,Sports,Cycling Helmet,1,210.54,$210.54,74.16,Online
11093,2025-08-02,Jeddah,Electronics,Power Bank,1,81.33,$81.33,24.2,Wholesale
12275,2026-02-12,Madinah,Home & Kitchen,Blender,4,197.75,791.0,SAR 315.10,Online
11373,2025-09-22,Dammam,clothing,Denim Jacket,2,254.38,$508.76,SAR 185.47,Retail
11926,2025-12-17,,Electronics,Power Bank,2,84.8,169.6,73.13,Wholesale
12150,2026-01-24,,Beauty,Perfume,4,354.54,1418.16,556.73,Online
10057,2025-02-10,Riyadh,clothing,Running Shoes,4,329.07,1316.28,398.98,Retail
13187,2026-07-19,Riyadh,Electronics,Smart Watch,,371.84,1487.36,622.58,Retail
12809,2026-05-14,Riyadh,Electronics,Laptop Stand,1,,63.97,22.38,Wholesale
11009,2025-07-18,  DAMMAM  ,Home & Kitchen,Coffee Maker,,282.38,847.14,240.73,Online
10912,2025-07-01,Riyadh,sports,Sports Bottle,6,38.69,$232.14,SAR 81.56,Online
10691,2025-05-28,Makkah,Clothing,Wool Scarf,5,86.58,432.9,SAR 159.30,Wholesale
11658,2025-11-07,Jeddah,Beauty,Hair Dryer,6,182.61,1095.66,426.52,Retail
10048,2025-02-08,  MADINAH  ,Electronics,Laptop Stand,3,78.17,234.51,SAR 101.40,Retail
12444,2026-03-12,Madinah,Electronics,Smart Watch,1,386.68,386.68,118.69,Online
12422,2026-03-08,Dammam,Clothing,Wool Scarf,1,73.06,73.06,21.31,Online
12012,2025-12-31,Dammam,Beauty,Makeup Kit,5,203.23,1016.15,378.33,Retail
11188,2025-08-17,Dammam,Home & Kitchen,Non-stick Pan Set,2,230.95,$461.90,176.97,Retail
13124,2026-07-10,Makkah,Beauty,Makeup Kit,4,238.1,$952.40,303.09,Retail
10773,2025-06-11,Jeddah,Sports,Resistance Bands,3,59.14,177.42,70.13,Retail
12540,2026-03-28,  JEDDAH  ,Beauty,Hair Dryer,2,159.2,318.4,125.8,Retail
10094,2025-02-18,Makkah,Beauty,Hair Dryer,1,166.64,$166.64,51.46,Retail
11292,2025-09-06,Madinah,Electronics,Smart Watch,1,388.53,$388.53,140.57,Retail
11886,2025-12-11,Makkah,Electronics,Smart Watch,2,,854.8,261.77,Wholesale
13249,2026-07-29,Jeddah,beauty,Perfume,2,350.94,701.88,204.45,Online
10167,2025-03-02,Riyadh,Electronics,Smart Watch,5,372.63,"$1,863.15",694.73,Online
10123,2025-02-24,Dammam,Sports,Cycling Helmet,4,200.88,803.52,279.89,Wholesale
10060,2025-02-11,  JEDDAH  ,Beauty,Makeup Kit,3,244.42,733.26,209.44,Wholesale
10507,2025-04-26,Dammam,Clothing,Cotton T-Shirt,6,62.98,$377.88,123.2,Wholesale
11518,2025-10-16,Riyadh,Clothing,Denim Jacket,3,233.3,699.9,261.81,
13204,2026-07-21,Dammam,Electronics,Bluetooth Speaker,2,185.18,$370.36,123.12,Wholesale
12660,2026-04-18,Madinah,Home & Kitchen,Vacuum Cleaner,4,683.54,"$2,734.16",860.11,Wholesale
11254,2025-08-30,  DAMMAM  ,Electronics,Laptop Stand,1,79.18,79.18,32.59,Online
12388,2026-03-04,Riyadh,Electronics,Wireless Earbuds,6,134.42,806.52,288.84,Wholesale
13019,2026-06-20,Makkah,Clothing,Leather Belt,,100.82,604.92,234.64,Retail
12537,2026-03-27,Jeddah,Sports,Resistance Bands,5,57.75,288.75,95.14,Wholesale
10506,2025-04-26,Madinah,Electronics,Power Bank,2,,$174.94,76.41,Wholesale
12944,2026-06-05,Madinah,Sports,Sports Bottle,2,42.94,$85.88,34.61,Wholesale
12036,2026-01-04,Dammam,Beauty,Skincare Set,4,276.05,1104.2,371.49,Wholesale
12926,2026-06-01,Jeddah,Clothing,Running Shoes,3,333.09,999.27,SAR 437.82,Online
12008,2025-12-30,Makkah,Clothing,Wool Scarf,1,79.92,79.92,30.54,Retail
10016,2025-02-02,Makkah,Sports,Sports Bottle,3,37.24,$111.72,31.33,
12970,2026-06-11,  DAMMAM  ,Clothing,Denim Jacket,6,284.21,"$1,705.26",480.57,Wholesale
10906,2025-06-30,Makkah,Clothing,Denim Jacket,5,248.04,"$1,240.20",SAR 363.18,Wholesale
12366,2026-02-28,Riyadh,Beauty,Face Serum,3,126.79,380.37,SAR 151.10,Online
10087,2025-02-16,Makkah,Clothing,Wool Scarf,2,72.09,144.18,SAR 55.59,Retail
11657,2025-11-07,Madinah,Beauty,Face Serum,3,138.22,414.66,135.26,Retail
12837,2026-05-19,Riyadh,Sports,Cycling Helmet,6,227.03,1362.18,448.46,Retail
10857,2025-06-23,Riyadh,Sports,Cycling Helmet,1,203.16,203.16,67.64,Online
11977,2025-12-26,Makkah,Sports,Sports Bottle,6,37.73,226.38,65.97,Wholesale
10753,2025-06-07,Jeddah,Electronics,Bluetooth Speaker,3,185.32,555.96,208.75,Retail
12465,2026-03-15,Makkah,Electronics,Bluetooth Speaker,2,,386.4,SAR 162.25,Retail
10306,2025-03-27,Makkah,Home & Kitchen,Non-stick Pan Set,2,217.67,$435.34,156.04,
11951,2025-12-21,Jeddah,Sports,Resistance Bands,4,63.62,254.48,85.39,Retail
12765,2026-05-07,Riyadh,Home & Kitchen,Air Fryer,5,351.05,1755.25,684.05,Retail
11604,2025-10-29,Jeddah,Home & Kitchen,Air Fryer,2,316.67,$633.34,270.08,Retail
12084,2026-01-12,Makkah,Home & Kitchen,Blender,2,195.03,390.06,151.85,Online
11425,2025-10-01,Dammam,Sports,Dumbbell Set,4,284.92,1139.68,385.34,Retail
10164,2025-03-02,  DAMMAM  ,Electronics,Smart Watch,4,361.6,1446.4,433.46,Online
11786,2025-11-27,Makkah,beauty,Skincare Set,2,286.91,$573.82,229.45,Retail
10698,2025-05-29,Madinah,Electronics,Smart Watch,6,408.41,"$2,450.46",1098.25,Online
11781,2025-11-26,Dammam,Electronics,Bluetooth Speaker,3,187.34,562.02,SAR 225.41,Wholesale
12573,2026-04-01,Dammam,Clothing,Wool Scarf,,82.24,328.96,94.31,Retail
12585,2026-04-04,Madinah,Home & Kitchen,Air Fryer,1,386.74,386.74,163.23,Retail
11769,2025-11-25,  MADINAH  ,beauty,Hair Dryer,2,177.94,355.88,159.21,Retail
12832,2026-05-18,  RIYADH  ,Electronics,Bluetooth Speaker,2,211.12,422.24,SAR 181.16,Online
10558,2025-05-05,Riyadh,Beauty,Hair Dryer,6,153.38,920.28,287.66,Retail
10452,2025-04-18,Riyadh,Sports,Dumbbell Set,2,257.49,$514.98,197.53,Online
13007,2026-06-18,Jeddah,Beauty,Face Serum,3,136.89,410.67,118.33,Online
10186,2025-03-06,Dammam,Clothing,Wool Scarf,1,72.9,72.9,31.75,Wholesale
11122,2025-08-07,Makkah,Electronics,Wireless Earbuds,4,139.06,556.24,219.74,Online
10038,2025-02-07,  MAKKAH  ,Sports,Sports Bottle,,36.95,73.9,30.52,Retail
13244,2026-07-29,Riyadh,Home & Kitchen,Coffee Maker,3,263.45,790.35,344.61,Wholesale
12715,2026-04-29,Makkah,Home & Kitchen,Vacuum Cleaner,3,619.91,1859.73,714.41,Retail
13064,2026-06-27,Madinah,Sports,Dumbbell Set,1,240.35,240.35,93.43,Wholesale
11255,2025-08-30,Makkah,Electronics,Smart Watch,2,375.51,751.02,298.28,Online
10662,2025-05-23,Jeddah,Home & Kitchen,Non-stick Pan Set,2,257.13,514.26,SAR 179.87,Wholesale
11280,2025-09-04,Riyadh,Clothing,Running Shoes,1,270.67,270.67,90.63,Wholesale
11028,2025-07-21,Jeddah,Electronics,Wireless Earbuds,3,152.47,$457.41,SAR 130.36,Online
10310,2025-03-28,  MAKKAH  ,beauty,Hair Dryer,3,155.87,467.61,159.08,Retail
11756,2025-11-23,Dammam,Beauty,Makeup Kit,4,248.7,994.8,397.93,Retail
11735,2025-11-19,Makkah,Electronics,Bluetooth Speaker,3,208.36,$625.08,249.36,Retail
12394,2026-03-05,Jeddah,Sports,Yoga Mat,4,,374.36,124.61,Retail
13057,2026-06-27,  RIYADH  ,Beauty,Makeup Kit,3,,738.99,SAR 267.40,Retail
12102,2026-01-15,  RIYADH  ,Sports,Yoga Mat,1,87.37,87.37,34.77,Online
10727,2025-06-02,Makkah,Electronics,Power Bank,6,87.55,525.3,204.15,Online
11840,2025-12-05,  DAMMAM  ,Home & Kitchen,Vacuum Cleaner,4,679.01,2716.04,SAR 963.14,Online
13080,2026-07-02,Madinah,Sports,Resistance Bands,3,56.77,170.31,54.97,Retail
13203,2026-07-21,Madinah,Beauty,Hair Dryer,1,154.44,154.44,54.93,Retail
12148,2026-01-24,Jeddah,Electronics,Power Bank,4,95.91,$383.64,137.32,Retail
10290,2025-03-24,Madinah,Home & Kitchen,Coffee Maker,2,293.12,586.24,223.81,Retail
10664,2025-05-24,Jeddah,Sports,Dumbbell Set,5,232.84,1164.2,492.38,Online
10245,2025-03-16,Dammam,Electronics,Bluetooth Speaker,1,196.25,196.25,63.86,Online
11850,2025-12-06,Makkah,Home & Kitchen,Air Fryer,5,392.6,1963.0,SAR 665.74,Retail
13020,2026-06-20,Dammam,home & kitchen,Non-stick Pan Set,1,226.8,226.8,92.37,Retail
10399,2025-04-09,Makkah,Sports,Cycling Helmet,2,196.26,392.52,SAR 174.99,Retail
10517,2025-04-28,Makkah,Clothing,Cotton T-Shirt,3,53.16,$159.48,SAR 69.39,Online
11774,2025-11-25,Riyadh,Electronics,Bluetooth Speaker,4,224.41,897.64,307.67,Online
10445,2025-04-17,Riyadh,Home & Kitchen,Coffee Maker,5,293.43,1467.15,613.17,Wholesale
12143,2026-01-23,  RIYADH  ,Sports,Cycling Helmet,1,180.08,180.08,55.81,Wholesale
11758,2025-11-23,Riyadh,Sports,Dumbbell Set,3,255.9,767.7,243.55,Online
12055,2026-01-08,Makkah,Beauty,Skincare Set,2,289.84,579.68,192.72,Wholesale
12440,2026-03-12,Dammam,Beauty,Face Serum,5,127.83,639.15,233.48,Online
13026,2026-06-21,,Electronics,Smart Watch,5,383.4,1917.0,629.17,Online
13051,2026-06-26,Dammam,Home & Kitchen,Vacuum Cleaner,4,581.79,2327.16,819.77,Wholesale
10324,2025-03-30,Jeddah,Sports,Yoga Mat,5,90.04,450.2,148.73,
10413,2025-04-12,Jeddah,sports,Dumbbell Set,4,242.08,968.32,404.94,Wholesale
10436,2025-04-16,Dammam,Clothing,Wool Scarf,,72.9,437.4,SAR 189.75,Retail
12293,2026-02-16,Makkah,Electronics,Wireless Earbuds,1,143.89,143.89,41.54,
11266,2025-09-01,Riyadh,Sports,Dumbbell Set,5,231.94,1159.7,421.54,Wholesale
12461,2026-03-15,Jeddah,electronics,Bluetooth Speaker,4,,791.76,286.45,Wholesale
12811,2026-05-15,Dammam,Beauty,Face Serum,3,130.49,391.47,110.0,Wholesale
10352,2025-04-03,Makkah,Sports,Resistance Bands,3,56.96,170.88,62.0,Wholesale
12851,2026-05-22,  MADINAH  ,Beauty,Perfume,1,343.02,343.02,101.71,Retail
10813,2025-06-17,Riyadh,Beauty,Makeup Kit,6,243.75,"$1,462.50",494.01,Retail
12731,2026-05-02,Riyadh,Clothing,Cotton T-Shirt,4,63.61,254.44,100.13,Retail
10003,2025-02-01,Madinah,Sports,Yoga Mat,,84.52,422.6,143.48,Online
11242,2025-08-27,Madinah,Home & Kitchen,Non-stick Pan Set,2,,508.28,SAR 158.57,Retail
12534,2026-03-26,Riyadh,Home & Kitchen,Coffee Maker,5,299.74,1498.7,542.25,Wholesale
11857,2025-12-07,Madinah,Electronics,Wireless Earbuds,3,135.17,405.51,120.83,Retail
10396,2025-04-09,Jeddah,Sports,Yoga Mat,5,101.99,509.95,170.75,Wholesale
11438,2025-10-03,Jeddah,Sports,Resistance Bands,5,65.21,326.05,119.58,Online
12109,2026-01-16,Madinah,beauty,Perfume,1,372.44,372.44,163.45,Retail
12315,2026-02-19,Madinah,clothing,Running Shoes,3,283.44,850.32,SAR 334.22,Online
11929,2025-12-17,Dammam,Sports,Cycling Helmet,5,198.61,993.05,301.85,Wholesale
11944,2025-12-20,Dammam,Beauty,Skincare Set,6,275.16,1650.96,SAR 622.64,Retail
12921,2026-06-01,Jeddah,Clothing,Leather Belt,3,96.69,290.07,96.07,Wholesale
11671,2025-11-09,Dammam,sports,Resistance Bands,2,61.42,122.84,41.1,Wholesale
12180,2026-01-30,Jeddah,Home & Kitchen,Air Fryer,2,364.0,728.0,298.28,Retail
11703,2025-11-14,Dammam,Electronics,Power Bank,4,83.06,332.24,113.51,Online
10600,2025-05-12,Makkah,Home & Kitchen,Air Fryer,4,379.12,1516.48,677.84,Wholesale
11334,2025-09-14,Dammam,Clothing,Cotton T-Shirt,2,67.24,$134.48,58.31,Online
11426,2025-10-01,Dammam,Electronics,Laptop Stand,3,73.47,220.41,82.51,Online
11315,2025-09-10,Makkah,Clothing,Leather Belt,5,112.34,561.7,196.67,Online
11731,2025-11-18,Dammam,Home & Kitchen,Vacuum Cleaner,5,554.73,"$2,773.65",1084.7,Wholesale
11930,2025-12-17,Makkah,home & kitchen,Non-stick Pan Set,2,258.99,517.98,217.45,Wholesale
10520,2025-04-29,Riyadh,Sports,Sports Bottle,2,38.72,77.44,29.83,Retail
12883,2026-05-26,Riyadh,Electronics,Power Bank,1,98.11,98.11,SAR 34.25,Online
13184,2026-07-19,Madinah,Beauty,Makeup Kit,2,202.38,404.76,125.44,Retail
11187,2025-08-17,Makkah,Clothing,Cotton T-Shirt,6,64.99,389.94,112.92,Retail
10364,2025-04-04,Madinah,Home & Kitchen,Blender,3,218.65,655.95,286.37,Wholesale
10333,2025-03-31,Riyadh,Sports,Dumbbell Set,6,277.65,1665.9,716.06,Online
11431,2025-10-02,Makkah,Beauty,Face Serum,3,137.92,413.76,120.06,Retail
10139,2025-02-26,Madinah,Sports,Sports Bottle,4,44.2,176.8,53.42,Online
12860,2026-05-23,Madinah,Electronics,Bluetooth Speaker,,197.56,197.56,69.04,Retail
11937,2025-12-19,Makkah,clothing,Running Shoes,2,291.0,582.0,173.4,Retail
12666,2026-04-20,Jeddah,Beauty,Skincare Set,6,244.89,1469.34,636.13,Wholesale
12956,2026-06-07,Riyadh,Beauty,Makeup Kit,4,244.47,$977.88,433.25,Retail
11768,2025-11-25,  DAMMAM  ,Home & Kitchen,Blender,1,183.15,$183.15,SAR 69.31,Retail
12529,2026-03-26,Riyadh,Beauty,Face Serum,,125.5,502.0,142.08,Wholesale
10489,2025-04-24,  JEDDAH  ,Sports,Yoga Mat,4,97.5,$390.00,151.69,Online
12751,2026-05-05,Riyadh,Sports,Sports Bottle,5,43.33,216.65,SAR 93.60,Wholesale
12462,2026-03-15,Makkah,Clothing,Denim Jacket,2,248.33,496.66,207.62,Online
12271,2026-02-12,Jeddah,Electronics,Laptop Stand,1,70.64,70.64,20.79,Online
12344,2026-02-24,Madinah,clothing,Cotton T-Shirt,4,58.48,233.92,75.01,Retail
10210,2025-03-09,Riyadh,Clothing,Wool Scarf,4,86.0,344.0,110.36,Wholesale
12899,2026-05-28,,Clothing,Leather Belt,2,107.15,214.3,96.08,Retail
12236,2026-02-07,Riyadh,electronics,Smart Watch,5,362.69,1813.45,745.3,
12827,2026-05-17,Jeddah,Home & Kitchen,Air Fryer,1,388.95,388.95,117.95,Online
11505,2025-10-14,Makkah,Beauty,Face Serum,1,142.76,142.76,45.71,Online
12972,2026-06-11,Jeddah,Electronics,Smart Watch,1,366.95,366.95,113.07,Online
10467,2025-04-20,Jeddah,Sports,Dumbbell Set,2,224.5,449.0,170.75,Retail
10910,2025-07-01,Makkah,Home & Kitchen,Coffee Maker,2,280.73,561.46,SAR 251.95,Wholesale
11037,2025-07-23,  RIYADH  ,Clothing,Denim Jacket,5,,1189.3,497.09,Online
11109,2025-08-05,Jeddah,Electronics,Power Bank,2,94.08,188.16,74.64,Retail
12318,2026-02-19,Dammam,Clothing,Wool Scarf,5,81.37,406.85,174.98,Online
13195,2026-07-20,Dammam,Beauty,Hair Dryer,3,168.49,505.47,SAR 196.82,Retail
11021,2025-07-20,Jeddah,Beauty,Perfume,2,387.0,774.0,269.62,
11099,2025-08-03,Makkah,Home & Kitchen,Vacuum Cleaner,1,612.53,612.53,SAR 236.62,Retail
10329,2025-03-31,Riyadh,Beauty,Makeup Kit,1,237.93,237.93,SAR 83.68,Retail
10925,2025-07-02,Madinah,Home & Kitchen,Air Fryer,6,337.17,2023.02,628.51,Retail
12274,2026-02-12,Dammam,beauty,Face Serum,4,146.57,$586.28,SAR 197.89,
11485,2025-10-10,  DAMMAM  ,Home & Kitchen,Non-stick Pan Set,6,247.17,1483.02,437.72,Retail
12843,2026-05-20,  MADINAH  ,Beauty,Perfume,4,347.2,1388.8,614.26,Retail
12670,2026-04-20,Jeddah,Home & Kitchen,Blender,2,226.35,452.7,198.36,Retail
12943,2026-06-05,Madinah,Clothing,Cotton T-Shirt,5,67.54,337.7,117.02,Retail
10369,2025-04-05,  MADINAH  ,Beauty,Makeup Kit,1,247.7,$247.70,82.64,Wholesale
12852,2026-05-22,Makkah,Beauty,Perfume,4,337.54,1350.16,590.63,Online
12284,2026-02-14,Madinah,Beauty,Face Serum,5,121.94,$609.70,245.89,Online
11250,2025-08-29,Riyadh,Sports,Cycling Helmet,3,,638.88,191.58,Retail
12528,2026-03-26,Jeddah,Home & Kitchen,Vacuum Cleaner,4,571.13,2284.52,907.8,Wholesale
11600,2025-10-29,Jeddah,Clothing,Running Shoes,1,336.65,336.65,113.74,Online
12520,2026-03-25,Madinah,Home & Kitchen,Air Fryer,5,382.03,1910.15,550.07,Online
12962,2026-06-09,Dammam,Home & Kitchen,Air Fryer,4,398.32,1593.28,610.93,Retail
11649,2025-11-06,Makkah,Home & Kitchen,Coffee Maker,2,273.08,546.16,239.32,Retail
10233,2025-03-13,Riyadh,home & kitchen,Air Fryer,2,337.9,675.8,200.1,Retail
13039,2026-06-24,  MAKKAH  ,Clothing,Wool Scarf,3,79.53,238.59,67.19,Wholesale
10448,2025-04-17,Makkah,sports,Sports Bottle,3,40.43,121.29,51.02,Wholesale
12749,2026-05-05,  MADINAH  ,sports,Resistance Bands,5,61.48,307.4,132.38,Online
10195,2025-03-07,Riyadh,Electronics,Laptop Stand,2,68.59,137.18,51.15,Retail
11908,2025-12-14,Makkah,Beauty,Makeup Kit,3,250.31,750.93,249.96,Retail
12003,2025-12-30,Dammam,Sports,Dumbbell Set,2,272.22,544.44,225.92,Retail
10353,2025-04-03,Makkah,Electronics,Power Bank,3,100.44,301.32,SAR 116.60,
10238,2025-03-14,Makkah,Sports,Yoga Mat,1,80.52,80.52,33.28,Retail
10893,2025-06-28,Jeddah,sports,Dumbbell Set,5,234.0,1170.0,430.56,Retail
12721,2026-05-01,  RIYADH  ,Clothing,Running Shoes,1,287.76,287.76,123.39,
12582,2026-04-03,Riyadh,Sports,Sports Bottle,4,36.06,144.24,44.54,Retail
11479,2025-10-09,Riyadh,Sports,Dumbbell Set,3,246.55,739.65,230.99,Online
10021,2025-02-03,Dammam,Sports,Dumbbell Set,5,280.91,1404.55,424.19,Wholesale
11878,2025-12-10,Dammam,home & kitchen,Coffee Maker,,289.24,"$1,156.96",372.72,Wholesale
11308,2025-09-09,Makkah,Beauty,Hair Dryer,4,145.63,582.52,SAR 223.87,Wholesale
11796,2025-11-28,Jeddah,Electronics,Power Bank,6,85.95,515.7,198.73,Online
12264,2026-02-10,Dammam,beauty,Perfume,5,389.29,1946.45,821.54,Retail
13078,2026-07-01,Jeddah,Clothing,Running Shoes,4,304.12,1216.48,533.41,Online
10605,2025-05-13,Dammam,Home & Kitchen,Vacuum Cleaner,5,595.09,2975.45,1285.17,Retail
10556,2025-05-04,Jeddah,Home & Kitchen,Coffee Maker,6,288.39,1730.34,547.77,
11785,2025-11-27,Riyadh,Beauty,Face Serum,3,122.65,367.95,106.67,Online
11473,2025-10-08,Jeddah,Beauty,Face Serum,5,122.54,612.7,185.69,Wholesale
10937,2025-07-04,Dammam,Beauty,Face Serum,6,130.72,784.32,220.24,Wholesale
11351,2025-09-18,Jeddah,Electronics,Smart Watch,,413.85,2069.25,SAR 651.42,Retail
12876,2026-05-25,Makkah,Clothing,Leather Belt,2,111.86,223.72,SAR 77.44,Online
11472,2025-10-08,Jeddah,Clothing,Cotton T-Shirt,2,59.02,$118.04,47.62,Retail
10512,2025-04-27,Dammam,Home & Kitchen,Air Fryer,1,343.92,343.92,102.85,Retail
10548,2025-05-03,Dammam,sports,Resistance Bands,6,67.36,404.16,SAR 137.71,Wholesale
11789,2025-11-27,  JEDDAH  ,sports,Resistance Bands,3,59.79,179.37,58.29,Online
10050,2025-02-09,Dammam,Clothing,Running Shoes,5,305.62,1528.1,SAR 452.46,Retail
13180,2026-07-19,Dammam,Sports,Cycling Helmet,4,222.49,$889.96,379.77,Wholesale
12835,2026-05-19,  MADINAH  ,Electronics,Bluetooth Speaker,3,203.04,609.12,201.3,Wholesale
12014,2025-12-31,Makkah,Home & Kitchen,Coffee Maker,6,256.99,1541.94,525.17,Wholesale
13133,2026-07-11,Riyadh,electronics,Wireless Earbuds,3,168.98,506.94,163.66,Online
10575,2025-05-08,Madinah,Electronics,Laptop Stand,1,73.52,73.52,SAR 24.92,Retail
11133,2025-08-08,Riyadh,beauty,Makeup Kit,6,227.81,"$1,366.86",508.72,Retail
12252,2026-02-09,Riyadh,Electronics,Power Bank,2,80.42,160.84,70.02,Retail
12345,2026-02-25,Riyadh,Home & Kitchen,Air Fryer,5,395.42,1977.1,SAR 737.40,
12692,2026-04-25,Jeddah,Clothing,Denim Jacket,1,274.67,$274.67,SAR 88.45,Retail
10487,2025-04-24,Jeddah,Home & Kitchen,Non-stick Pan Set,4,256.64,1026.56,378.35,Retail
12279,2026-02-13,Makkah,Electronics,Power Bank,1,101.52,101.52,32.58,Retail
11507,2025-10-14,  RIYADH  ,Electronics,Wireless Earbuds,5,161.52,807.6,316.96,Online
12336,2026-02-23,  JEDDAH  ,Beauty,Perfume,5,343.96,1719.8,767.85,Online
10476,2025-04-22,Riyadh,Sports,Resistance Bands,2,59.77,119.54,44.38,Retail
11368,2025-09-21,  JEDDAH  ,Beauty,Makeup Kit,6,213.65,"$1,281.90",365.97,Online
12303,2026-02-17,Riyadh,Sports,Dumbbell Set,2,263.13,526.26,199.82,Online
12545,2026-03-29,Madinah,sports,Yoga Mat,2,95.42,190.84,75.05,Online
12217,2026-02-04,Dammam,sports,Cycling Helmet,2,220.1,440.2,149.76,Online
11919,2025-12-16,Madinah,Beauty,Perfume,5,315.2,1576.0,617.95,Wholesale
12807,2026-05-14,Riyadh,Beauty,Face Serum,1,118.65,118.65,47.73,Retail
11036,2025-07-22,Riyadh,Clothing,Leather Belt,3,98.33,294.99,108.43,Wholesale
11389,2025-09-25,Madinah,electronics,Smart Watch,4,438.58,1754.32,699.57,Online
10298,2025-03-25,Riyadh,Clothing,Cotton T-Shirt,4,57.73,230.92,97.97,Online
11688,2025-11-13,Jeddah,Clothing,Leather Belt,6,106.42,638.52,265.59,Wholesale
11934,2025-12-18,Makkah,electronics,Bluetooth Speaker,5,191.53,957.65,338.26,Wholesale
10982,2025-07-13,Madinah,Electronics,Power Bank,1,80.99,80.99,29.97,Online
10247,2025-03-17,Makkah,beauty,Hair Dryer,2,145.61,291.22,92.62,Wholesale
11477,2025-10-09,Dammam,Clothing,Running Shoes,4,290.04,"$1,160.16",402.45,
11776,2025-11-25,Madinah,Electronics,Smart Watch,1,418.31,$418.31,161.94,Online
11811,2025-12-01,Riyadh,Sports,Sports Bottle,4,35.51,142.04,57.08,Retail
12423,2026-03-09,Jeddah,Home & Kitchen,Blender,,187.15,748.6,282.6,Online
13160,2026-07-16,Jeddah,Sports,Cycling Helmet,,184.7,554.1,205.82,Wholesale
11899,2025-12-13,Riyadh,Sports,Sports Bottle,5,38.74,$193.70,71.57,Wholesale
11439,2025-10-03,Dammam,Sports,Resistance Bands,5,57.1,285.5,123.67,Retail
11222,2025-08-24,Dammam,Beauty,Makeup Kit,1,203.38,$203.38,SAR 88.09,Retail
10149,2025-02-27,Makkah,clothing,Denim Jacket,5,249.75,1248.75,417.2,Retail
10176,2025-03-04,Riyadh,clothing,Cotton T-Shirt,3,64.75,194.25,79.56,Wholesale
11689,2025-11-13,Dammam,home & kitchen,Air Fryer,5,357.11,1785.55,600.82,Wholesale
11299,2025-09-07,Madinah,Home & Kitchen,Air Fryer,3,338.69,1016.07,397.36,Wholesale
13092,2026-07-04,Makkah,Clothing,Denim Jacket,4,259.79,1039.16,SAR 301.48,Retail
10961,2025-07-09,Madinah,Electronics,Smart Watch,1,438.01,438.01,150.03,Wholesale
12730,2026-05-02,Dammam,Electronics,Power Bank,1,84.45,84.45,37.39,Wholesale
11116,2025-08-06,Makkah,Sports,Resistance Bands,2,54.41,$108.82,42.16,Online
12826,2026-05-17,Dammam,sports,Cycling Helmet,2,192.37,384.74,114.67,Wholesale
13060,2026-06-27,  MAKKAH  ,Electronics,Smart Watch,6,420.04,2520.24,891.36,Retail
11193,2025-08-18,Makkah,Clothing,Running Shoes,1,271.86,271.86,106.88,Online
12174,2026-01-28,Makkah,Electronics,Bluetooth Speaker,5,180.66,903.3,272.57,Online
12033,2026-01-03,  JEDDAH  ,Beauty,Makeup Kit,1,228.42,228.42,84.0,Wholesale
13036,2026-06-23,Madinah,Beauty,Makeup Kit,4,197.48,789.92,348.76,Retail
12954,2026-06-07,Dammam,Beauty,Skincare Set,1,272.67,272.67,112.31,Retail
12468,2026-03-16,Makkah,Clothing,Cotton T-Shirt,2,62.62,125.24,48.17,Online
11720,2025-11-17,Madinah,Clothing,Running Shoes,4,304.8,1219.2,386.65,Retail
11802,2025-11-29,Madinah,Beauty,Hair Dryer,1,154.66,154.66,56.25,Wholesale
12169,2026-01-28,Makkah,Clothing,Cotton T-Shirt,6,56.01,336.06,114.99,Wholesale
11157,2025-08-12,Riyadh,Beauty,Skincare Set,1,233.48,233.48,100.43,Retail
12776,2026-05-09,Dammam,Electronics,Smart Watch,1,417.6,$417.60,134.2,Online
10555,2025-05-04,Dammam,Beauty,Perfume,4,378.38,1513.52,531.07,Online
13205,2026-07-21,  DAMMAM  ,Clothing,Running Shoes,6,286.03,1716.18,SAR 535.33,Online
11552,2025-10-22,Jeddah,Electronics,Bluetooth Speaker,5,197.18,985.9,428.7,Retail
10826,2025-06-18,  MAKKAH  ,Home & Kitchen,Non-stick Pan Set,6,259.56,1557.36,464.09,Online
10629,2025-05-17,Dammam,Beauty,Skincare Set,5,256.29,1281.45,405.85,Wholesale
12870,2026-05-24,Madinah,Sports,Yoga Mat,4,81.29,$325.16,107.23,Wholesale
10211,2025-03-10,Madinah,sports,Resistance Bands,6,57.76,$346.56,130.04,Wholesale
11729,2025-11-18,Dammam,Sports,Dumbbell Set,4,268.0,1072.0,334.16,Retail
12745,2026-05-04,,Sports,Sports Bottle,6,36.27,$217.62,82.59,Online
10884,2025-06-27,Riyadh,Beauty,Face Serum,1,129.85,129.85,54.48,Online
10814,2025-06-17,  RIYADH  ,Home & Kitchen,Non-stick Pan Set,2,262.19,524.38,190.64,Online
12189,2026-01-31,  RIYADH  ,Electronics,Smart Watch,2,443.75,887.5,285.27,
11984,2025-12-27,Jeddah,Home & Kitchen,Non-stick Pan Set,6,240.05,1440.3,415.03,Retail
12939,2026-06-05,Riyadh,Beauty,Face Serum,1,132.33,132.33,SAR 54.79,Wholesale
10338,2025-04-01,  MAKKAH  ,Sports,Yoga Mat,2,96.58,193.16,73.71,
13030,2026-06-22,Makkah,Home & Kitchen,Vacuum Cleaner,,619.18,3095.9,1143.08,Online
10406,2025-04-11,Makkah,Beauty,Face Serum,6,123.03,738.18,SAR 297.25,Online
12842,2026-05-19,  JEDDAH  ,Clothing,Denim Jacket,1,226.89,226.89,97.59,Retail
11461,2025-10-06,  MADINAH  ,Home & Kitchen,Air Fryer,4,371.36,"$1,485.44",557.5,Retail
11824,2025-12-03,Madinah,Clothing,Cotton T-Shirt,4,56.82,227.28,90.24,Wholesale
13096,2026-07-06,Madinah,Clothing,Running Shoes,1,313.03,313.03,SAR 107.90,Wholesale
12185,2026-01-31,Jeddah,Clothing,Cotton T-Shirt,6,54.27,325.62,128.79,Online
10711,2025-05-31,Madinah,Clothing,Wool Scarf,3,78.08,234.24,SAR 69.80,Wholesale
12822,2026-05-17,Jeddah,Home & Kitchen,Coffee Maker,4,262.94,1051.76,439.03,Online
12363,2026-02-27,Dammam,Clothing,Wool Scarf,2,79.31,158.62,69.99,Retail
12399,2026-03-06,Riyadh,Home & Kitchen,Blender,6,195.02,1170.12,SAR 478.96,Wholesale
10049,2025-02-08,Dammam,Electronics,Wireless Earbuds,6,154.71,928.26,374.74,Online
10882,2025-06-27,Dammam,Sports,Dumbbell Set,,228.53,457.06,158.03,
11622,2025-11-01,  RIYADH  ,Home & Kitchen,Air Fryer,1,355.1,355.1,109.7,Wholesale
11433,2025-10-02,Jeddah,Home & Kitchen,Vacuum Cleaner,6,636.1,"$3,816.60","SAR 1,385.64",Retail
11051,2025-07-25,Makkah,electronics,Smart Watch,3,456.98,1370.94,518.08,Online
11305,2025-09-08,Riyadh,Beauty,Makeup Kit,3,209.45,$628.35,237.28,Wholesale
11243,2025-08-28,Makkah,Home & Kitchen,Coffee Maker,4,251.75,1007.0,325.93,Wholesale
11716,2025-11-16,Riyadh,Clothing,Denim Jacket,5,274.94,1374.7,541.59,Online
10493,2025-04-24,Jeddah,Clothing,Running Shoes,5,330.12,1650.6,485.39,Retail
12071,2026-01-10,Madinah,Clothing,Running Shoes,3,276.67,830.01,271.64,Online
11201,2025-08-19,Madinah,Clothing,Running Shoes,4,276.42,1105.68,363.79,Wholesale
11863,2025-12-08,Makkah,Electronics,Bluetooth Speaker,5,188.98,944.9,344.01,Retail
11519,2025-10-16,Riyadh,Electronics,Laptop Stand,4,,314.6,126.68,Retail
11620,2025-11-01,,Electronics,Bluetooth Speaker,1,211.12,211.12,64.28,Retail
12350,2026-02-25,Jeddah,Sports,Yoga Mat,4,92.41,369.64,SAR 143.15,Retail
10431,2025-04-14,Jeddah,beauty,Makeup Kit,3,242.45,$727.35,285.54,Online
12435,2026-03-11,Dammam,beauty,Face Serum,3,143.9,$431.70,188.01,Retail
10145,2025-02-26,  RIYADH  ,Home & Kitchen,Vacuum Cleaner,4,681.98,2727.92,936.89,Wholesale
10952,2025-07-07,  RIYADH  ,Electronics,Bluetooth Speaker,1,195.9,195.9,64.14,Wholesale
12709,2026-04-28,Jeddah,beauty,Makeup Kit,5,202.77,"$1,013.85",324.49,Wholesale
10085,2025-02-16,  MAKKAH  ,home & kitchen,Non-stick Pan Set,6,215.55,"$1,293.30",479.22,Retail
11041,2025-07-24,Dammam,Clothing,Running Shoes,1,324.75,324.75,139.59,Retail
10732,2025-06-03,Dammam,Beauty,Skincare Set,5,259.31,1296.55,SAR 383.52,Retail
11385,2025-09-24,Jeddah,Electronics,Bluetooth Speaker,1,210.63,210.63,SAR 63.51,Online
12909,2026-05-29,Makkah,home & kitchen,Air Fryer,4,322.82,1291.28,483.84,
11617,2025-10-31,Madinah,Electronics,Laptop Stand,6,69.38,416.28,133.81,Wholesale
10435,2025-04-15,Dammam,Home & Kitchen,Air Fryer,3,372.08,"$1,116.24",379.17,Retail
13017,2026-06-19,Madinah,Home & Kitchen,Air Fryer,6,363.11,2178.66,925.4,Online
11359,2025-09-20,Makkah,clothing,Denim Jacket,2,224.36,448.72,136.19,Online
11182,2025-08-16,Makkah,Electronics,Smart Watch,6,395.38,2372.28,SAR 737.17,Retail
11728,2025-11-18,,Sports,Sports Bottle,4,41.51,166.04,SAR 56.18,Retail
12360,2026-02-27,Dammam,Beauty,Hair Dryer,1,151.67,151.67,48.27,Retail
12077,2026-01-10,Dammam,Clothing,Running Shoes,5,295.55,1477.75,631.57,Wholesale
12980,2026-06-12,Madinah,Clothing,Running Shoes,3,312.13,936.39,358.17,Wholesale
11583,2025-10-27,Riyadh,Home & Kitchen,Non-stick Pan Set,4,258.08,1032.32,351.37,Online
12192,2026-02-01,Dammam,Home & Kitchen,Coffee Maker,1,255.4,255.4,93.48,Online
11278,2025-09-03,Jeddah,Sports,Resistance Bands,1,67.49,67.49,28.09,Wholesale
11971,2025-12-25,Dammam,Sports,Cycling Helmet,3,210.24,630.72,SAR 271.87,Retail
13191,2026-07-20,Jeddah,Sports,Resistance Bands,2,63.15,126.3,SAR 49.40,Online
13169,2026-07-17,Dammam,Electronics,Laptop Stand,3,69.28,207.84,62.95,Retail
12671,2026-04-20,Jeddah,Sports,Yoga Mat,6,83.08,$498.48,153.44,Retail
12054,2026-01-07,Riyadh,Home & Kitchen,Blender,1,198.08,198.08,59.13,Retail
13215,2026-07-24,Dammam,Sports,Cycling Helmet,6,201.88,1211.28,468.74,Retail
12951,2026-06-06,Riyadh,Clothing,Running Shoes,6,283.6,"$1,701.60",505.81,Retail
11432,2025-10-02,Madinah,clothing,Cotton T-Shirt,6,63.91,383.46,107.67,Online
11258,2025-08-31,Dammam,Sports,Dumbbell Set,1,272.39,272.39,93.89,Retail
12536,2026-03-27,Dammam,Electronics,Bluetooth Speaker,2,,378.56,156.44,Wholesale
10072,2025-02-13,Jeddah,Electronics,Wireless Earbuds,2,170.75,$341.50,118.19,Retail
10815,2025-06-17,Riyadh,Home & Kitchen,Non-stick Pan Set,5,236.53,1182.65,494.71,Online
12924,2026-06-01,Jeddah,Beauty,Hair Dryer,3,147.3,441.9,158.5,Retail
10508,2025-04-26,  MAKKAH  ,Electronics,Bluetooth Speaker,2,191.51,383.02,167.94,Wholesale
12697,2026-04-26,Riyadh,electronics,Smart Watch,1,386.84,386.84,154.21,Wholesale
11976,2025-12-26,Jeddah,Beauty,Hair Dryer,2,167.35,334.7,141.67,Online
12861,2026-05-23,Dammam,Beauty,Face Serum,5,130.76,653.8,252.3,Online
12746,2026-05-04,Madinah,Home & Kitchen,Air Fryer,4,393.33,1573.32,452.44,Retail
11045,2025-07-24,Riyadh,Home & Kitchen,Air Fryer,1,382.36,382.36,SAR 112.25,Retail
11932,2025-12-17,Makkah,Sports,Sports Bottle,4,39.1,156.4,53.46,Online
11247,2025-08-29,Madinah,Beauty,Hair Dryer,5,150.8,754.0,244.6,Online
11819,2025-12-02,Makkah,Electronics,Power Bank,6,88.86,$533.16,206.14,
11651,2025-11-06,,Home & Kitchen,Air Fryer,,373.36,746.72,SAR 227.73,Online
12503,2026-03-22,Riyadh,Beauty,Perfume,2,326.29,$652.58,206.02,Online
11257,2025-08-31,  DAMMAM  ,Clothing,Cotton T-Shirt,4,56.62,226.48,SAR 88.79,Retail
11152,2025-08-11,Madinah,Beauty,Perfume,1,354.64,354.64,116.16,Wholesale
11004,2025-07-18,Jeddah,Home & Kitchen,Coffee Maker,4,277.04,1108.16,444.39,Retail
12259,2026-02-10,Riyadh,Home & Kitchen,Blender,1,208.85,$208.85,77.78,Wholesale
11286,2025-09-05,Madinah,Beauty,Hair Dryer,,146.34,878.04,324.86,Online
11577,2025-10-26,Makkah,Sports,Resistance Bands,1,66.76,66.76,SAR 24.83,
11530,2025-10-17,Jeddah,Home & Kitchen,Coffee Maker,1,268.19,268.19,SAR 120.12,Wholesale
10874,2025-06-26,Jeddah,Home & Kitchen,Non-stick Pan Set,6,256.13,1536.78,610.47,Wholesale
13254,2026-07-30,Madinah,Sports,Sports Bottle,3,43.59,130.77,42.08,Wholesale
10685,2025-05-28,  MAKKAH  ,Clothing,Wool Scarf,4,78.02,312.08,97.75,
11751,2025-11-22,Madinah,Home & Kitchen,Air Fryer,5,376.69,1883.45,828.08,Online
11053,2025-07-25,Makkah,home & kitchen,Blender,5,215.03,1075.15,SAR 468.78,Wholesale
11435,2025-10-02,Riyadh,Home & Kitchen,Air Fryer,5,323.7,1618.5,577.44,Retail
11963,2025-12-23,Dammam,Sports,Resistance Bands,1,64.06,64.06,20.84,Retail
10833,2025-06-19,Makkah,Home & Kitchen,Non-stick Pan Set,2,230.58,461.16,146.67,Online
12952,2026-06-07,Riyadh,Beauty,Makeup Kit,1,,219.39,83.96,Retail
10120,2025-02-23,Dammam,Sports,Dumbbell Set,4,231.24,924.96,SAR 380.88,Retail
11599,2025-10-29,Riyadh,Clothing,Wool Scarf,4,88.67,$354.68,121.41,Wholesale
12965,2026-06-10,Jeddah,Beauty,Face Serum,1,125.63,125.63,53.4,Retail
10737,2025-06-04,Makkah,Sports,Yoga Mat,1,97.25,$97.25,35.1,Retail
12028,2026-01-03,  JEDDAH  ,Electronics,Wireless Earbuds,6,149.14,894.84,267.76,Retail
12151,2026-01-24,Makkah,Clothing,Leather Belt,2,95.19,190.38,62.61,Online
12050,2026-01-07,Jeddah,Home & Kitchen,Coffee Maker,4,259.71,"$1,038.84",336.85,Online
13102,2026-07-07,,Clothing,Denim Jacket,3,242.43,727.29,272.53,Retail
11198,2025-08-19,Makkah,Home & Kitchen,Vacuum Cleaner,6,539.88,3239.28,"SAR 1,271.01",Retail
10162,2025-03-02,Makkah,Sports,Resistance Bands,1,64.76,64.76,SAR 28.99,Online
11092,2025-08-02,Dammam,Clothing,Cotton T-Shirt,3,64.75,194.25,78.24,Online
11838,2025-12-04,  MAKKAH  ,Sports,Dumbbell Set,,245.92,245.92,87.29,Retail
10109,2025-02-20,Madinah,Home & Kitchen,Air Fryer,2,339.95,679.9,264.24,Wholesale
11576,2025-10-26,  RIYADH  ,Beauty,Perfume,4,349.91,1399.64,546.03,Online
12940,2026-06-05,Dammam,Sports,Cycling Helmet,1,215.43,$215.43,64.69,Online
11613,2025-10-31,Makkah,Clothing,Running Shoes,2,,549.06,185.76,Wholesale
10212,2025-03-10,Makkah,Home & Kitchen,Blender,5,181.89,909.45,330.81,Wholesale
11503,2025-10-13,Madinah,Clothing,Cotton T-Shirt,2,54.16,108.32,SAR 44.23,Online
12084,2026-01-12,Makkah,Home & Kitchen,Blender,2,195.03,390.06,151.85,Online
12190,2026-01-31,Jeddah,Beauty,Skincare Set,3,272.05,816.15,SAR 296.97,Wholesale
11866,2025-12-08,Riyadh,Clothing,Running Shoes,5,315.94,1579.7,705.47,Retail
11168,2025-08-14,Jeddah,Electronics,Laptop Stand,1,69.38,69.38,27.5,Retail
12798,2026-05-13,Makkah,Home & Kitchen,Vacuum Cleaner,,604.23,3021.15,1104.0,Retail
11379,2025-09-23,Madinah,Electronics,Power Bank,5,91.67,$458.35,131.29,Wholesale
12377,2026-03-02,Makkah,home & kitchen,Vacuum Cleaner,6,685.77,4114.62,1256.6,Wholesale
10360,2025-04-04,  RIYADH  ,Clothing,Cotton T-Shirt,2,60.56,$121.12,46.82,Online
11405,2025-09-28,Riyadh,Clothing,Wool Scarf,6,78.84,$473.04,133.71,Online
10671,2025-05-25,Makkah,Sports,Yoga Mat,5,,$498.65,187.1,Retail
10131,2025-02-25,Makkah,Beauty,Face Serum,2,,249.42,106.68,Wholesale
10845,2025-06-21,  JEDDAH  ,clothing,Cotton T-Shirt,4,57.64,230.56,75.13,Wholesale
10688,2025-05-28,  RIYADH  ,Sports,Cycling Helmet,1,204.96,204.96,79.16,
12199,2026-02-01,Jeddah,Beauty,Perfume,1,390.3,390.3,123.33,
11625,2025-11-02,Riyadh,Home & Kitchen,Vacuum Cleaner,1,543.49,543.49,240.15,Retail
10248,2025-03-17,Riyadh,home & kitchen,Coffee Maker,1,,306.28,91.71,Wholesale
11210,2025-08-21,Makkah,Electronics,Bluetooth Speaker,3,189.83,569.49,176.97,Wholesale
11356,2025-09-19,Makkah,Electronics,Power Bank,4,99.1,396.4,127.24,Wholesale
12112,2026-01-17,Madinah,Sports,Cycling Helmet,5,198.71,993.55,354.81,Retail
12269,2026-02-11,Madinah,Beauty,Skincare Set,6,286.15,"$1,716.90",708.66,
12342,2026-02-24,Riyadh,Beauty,Makeup Kit,3,209.61,628.83,243.78,Wholesale
12447,2026-03-13,Dammam,Home & Kitchen,Air Fryer,2,320.1,640.2,184.81,Online
12378,2026-03-02,Madinah,Sports,Cycling Helmet,6,195.55,"$1,173.30",395.36,Online
10132,2025-02-25,Makkah,Beauty,Face Serum,1,147.48,147.48,51.1,Retail
13066,2026-06-28,Madinah,Home & Kitchen,Air Fryer,2,339.98,$679.96,284.76,
11001,2025-07-17,  RIYADH  ,Home & Kitchen,Coffee Maker,1,252.64,252.64,79.24,Online
10560,2025-05-05,Dammam,Home & Kitchen,Blender,5,193.73,968.65,295.72,Wholesale
10635,2025-05-18,  MAKKAH  ,Home & Kitchen,Vacuum Cleaner,6,581.45,"$3,488.70",1029.42,Wholesale
12395,2026-03-05,Makkah,Home & Kitchen,Coffee Maker,6,284.07,1704.42,635.87,Online
10355,2025-04-03,Madinah,Beauty,Makeup Kit,2,207.84,415.68,SAR 170.80,Online
10033,2025-02-05,Riyadh,Electronics,Wireless Earbuds,4,161.23,644.92,202.44,Retail
12914,2026-05-30,,Beauty,Face Serum,5,135.82,$679.10,193.35,Wholesale
13023,2026-06-20,Makkah,Sports,Dumbbell Set,5,244.08,"$1,220.40",435.67,Wholesale
12654,2026-04-17,  MADINAH  ,Sports,Yoga Mat,6,93.27,559.62,206.84,Retail
10381,2025-04-07,  MADINAH  ,Sports,Resistance Bands,4,53.28,213.12,80.91,Retail
10019,2025-02-03,Madinah,Electronics,Wireless Earbuds,6,167.06,1002.36,323.11,Online
10330,2025-03-31,Makkah,Home & Kitchen,Air Fryer,5,400.84,2004.2,583.46,Retail
11142,2025-08-09,Riyadh,sports,Cycling Helmet,4,183.7,734.8,298.79,Retail
12139,2026-01-23,Jeddah,clothing,Leather Belt,3,90.5,271.5,SAR 90.57,Wholesale
11614,2025-10-31,Jeddah,Home & Kitchen,Air Fryer,1,341.9,341.9,153.22,Wholesale
13166,2026-07-17,Madinah,Clothing,Running Shoes,,331.41,1657.05,644.66,Retail
11642,2025-11-04,Dammam,Home & Kitchen,Air Fryer,1,370.69,370.69,120.68,
12725,2026-05-01,  JEDDAH  ,Home & Kitchen,Non-stick Pan Set,4,206.26,825.04,365.08,Retail
11027,2025-07-21,Makkah,Electronics,Bluetooth Speaker,4,188.02,752.08,222.5,Online
11814,2025-12-01,Makkah,Electronics,Wireless Earbuds,6,165.03,$990.18,343.76,Retail
10939,2025-07-05,Dammam,Electronics,Bluetooth Speaker,3,187.95,563.85,247.08,Retail
10785,2025-06-12,Madinah,home & kitchen,Blender,4,217.12,868.48,SAR 327.24,
10909,2025-07-01,Madinah,Beauty,Skincare Set,2,262.52,525.04,SAR 198.41,Wholesale
13025,2026-06-21,Riyadh,Sports,Sports Bottle,1,36.43,36.43,12.3,Retail
13233,2026-07-27,Madinah,Home & Kitchen,Vacuum Cleaner,1,667.22,667.22,218.9,Retail
10126,2025-02-24,Madinah,Beauty,Makeup Kit,2,251.68,503.36,189.21,Wholesale
10156,2025-02-28,Riyadh,Sports,Sports Bottle,,42.66,$127.98,52.58,
10287,2025-03-23,  DAMMAM  ,Beauty,Makeup Kit,1,219.03,219.03,77.33,Retail
11952,2025-12-21,Jeddah,Clothing,Leather Belt,3,110.36,$331.08,134.5,Retail
12416,2026-03-08,Madinah,Home & Kitchen,Non-stick Pan Set,3,206.35,$619.05,254.45,Retail
10303,2025-03-27,Dammam,Home & Kitchen,Coffee Maker,6,300.27,1801.62,713.63,Wholesale
10709,2025-05-31,Jeddah,home & kitchen,Non-stick Pan Set,,235.67,707.01,316.99,Wholesale
10354,2025-04-03,  RIYADH  ,Sports,Dumbbell Set,6,233.18,1399.08,567.56,
12201,2026-02-02,Jeddah,Sports,Dumbbell Set,2,230.0,460.0,176.4,Retail
11646,2025-11-05,  DAMMAM  ,Clothing,Leather Belt,6,106.82,640.92,245.71,Retail
11444,2025-10-04,Makkah,Sports,Resistance Bands,3,67.15,201.45,SAR 72.82,Online
10183,2025-03-05,Makkah,Sports,Cycling Helmet,3,201.67,605.01,209.99,Retail
11482,2025-10-10,Madinah,Clothing,Denim Jacket,6,251.85,1511.1,654.66,Online
10760,2025-06-09,Madinah,Sports,Yoga Mat,3,90.81,272.43,108.75,Wholesale
12456,2026-03-14,Makkah,Home & Kitchen,Vacuum Cleaner,4,539.32,2157.28,928.74,Online
11787,2025-11-27,Riyadh,Beauty,Perfume,4,337.05,1348.2,408.55,Wholesale
10820,2025-06-18,  JEDDAH  ,electronics,Power Bank,5,101.47,$507.35,SAR 175.48,Online
11847,2025-12-06,Madinah,Electronics,Smart Watch,5,398.33,"$1,991.65",634.21,Online
10342,2025-04-02,  JEDDAH  ,Beauty,Skincare Set,4,236.14,944.56,369.75,Online
10992,2025-07-16,Dammam,Clothing,Leather Belt,6,90.76,544.56,179.38,
12248,2026-02-08,Riyadh,Electronics,Laptop Stand,1,76.89,76.89,SAR 22.22,Retail
11408,2025-09-28,Madinah,beauty,Face Serum,2,,253.06,79.84,Retail
10968,2025-07-10,Jeddah,Home & Kitchen,Air Fryer,2,,647.86,275.1,Wholesale
11561,2025-10-24,Makkah,Clothing,Wool Scarf,3,72.37,$217.11,85.06,Online
13128,2026-07-11,Dammam,Beauty,Skincare Set,5,283.12,1415.6,468.56,Retail
10137,2025-02-25,  MAKKAH  ,home & kitchen,Vacuum Cleaner,3,661.98,"$1,985.94",798.18,Wholesale
10345,2025-04-02,Jeddah,Beauty,Face Serum,5,129.41,647.05,245.36,Online
10501,2025-04-25,Makkah,Sports,Yoga Mat,3,86.81,260.43,111.15,Retail
12621,2026-04-11,  MADINAH  ,Sports,Cycling Helmet,3,218.07,$654.21,197.85,Retail
10598,2025-05-12,Dammam,Home & Kitchen,Air Fryer,5,333.53,1667.65,568.06,Wholesale
10572,2025-05-07,Makkah,home & kitchen,Coffee Maker,2,317.23,634.46,SAR 186.47,Wholesale
12873,2026-05-25,Madinah,clothing,Denim Jacket,,255.03,$765.09,344.28,Online
10266,2025-03-20,Jeddah,clothing,Wool Scarf,1,78.23,78.23,SAR 27.59,Wholesale
13188,2026-07-20,  RIYADH  ,Beauty,Hair Dryer,6,148.79,$892.74,254.53,Wholesale
13037,2026-06-23,Makkah,Sports,Sports Bottle,4,,152.36,54.45,Wholesale
10252,2025-03-18,Jeddah,Beauty,Perfume,3,394.75,1184.25,428.37,
12243,2026-02-08,Jeddah,Clothing,Leather Belt,6,,645.6,199.1,Online
13218,2026-07-25,Madinah,Beauty,Skincare Set,5,275.86,1379.3,SAR 465.32,
10053,2025-02-09,  RIYADH  ,Clothing,Leather Belt,1,109.76,109.76,38.52,Retail
10932,2025-07-04,Dammam,Clothing,Running Shoes,5,269.89,1349.45,605.31,Retail
12314,2026-02-19,Dammam,Sports,Cycling Helmet,2,194.67,389.34,115.25,Retail
11065,2025-07-28,Jeddah,Home & Kitchen,Non-stick Pan Set,4,235.0,940.0,336.32,Online
11717,2025-11-16,Riyadh,Clothing,Wool Scarf,1,87.01,87.01,30.81,Online
13034,2026-06-22,Dammam,Clothing,Denim Jacket,1,,233.11,98.62,Online
11137,2025-08-08,Riyadh,Home & Kitchen,Air Fryer,3,373.54,1120.62,374.61,Wholesale
11974,2025-12-25,Jeddah,Electronics,Smart Watch,2,389.74,779.48,310.3,Online
11921,2025-12-16,Makkah,Home & Kitchen,Non-stick Pan Set,1,243.92,243.92,86.07,Retail
12498,2026-03-21,  MADINAH  ,Electronics,Smart Watch,1,382.02,382.02,126.43,Retail
12786,2026-05-11,Dammam,Beauty,Skincare Set,1,284.08,284.08,SAR 87.28,Online
12123,2026-01-19,Jeddah,Beauty,Hair Dryer,3,179.57,$538.71,205.61,Retail
11355,2025-09-19,Jeddah,Beauty,Perfume,4,358.19,1432.76,465.74,Retail
13236,2026-07-28,Makkah,Electronics,Smart Watch,6,393.88,2363.28,773.96,Wholesale
10223,2025-03-11,Dammam,Clothing,Leather Belt,1,105.09,105.09,39.73,Wholesale
11294,2025-09-07,Makkah,Home & Kitchen,Non-stick Pan Set,3,221.73,665.19,296.54,Wholesale
10746,2025-06-05,Makkah,Beauty,Makeup Kit,,239.03,$239.03,75.14,Online
10896,2025-06-29,Riyadh,Sports,Cycling Helmet,,195.29,$781.16,338.55,Wholesale
10974,2025-07-11,,Clothing,Cotton T-Shirt,4,61.73,246.92,108.83,Wholesale
12718,2026-04-30,Jeddah,Sports,Cycling Helmet,1,201.14,$201.14,65.84,Retail
10204,2025-03-08,Dammam,Sports,Sports Bottle,5,39.04,195.2,66.6,Wholesale
12031,2026-01-03,Dammam,Beauty,Makeup Kit,6,205.05,1230.3,399.61,Retail
12312,2026-02-18,Madinah,Sports,Cycling Helmet,2,202.45,$404.90,175.94,Wholesale
11332,2025-09-13,  RIYADH  ,Beauty,Makeup Kit,4,199.97,799.88,359.31,Wholesale
11864,2025-12-08,Riyadh,Home & Kitchen,Blender,5,196.55,982.75,385.19,Online
10264,2025-03-19,Makkah,Electronics,Bluetooth Speaker,,196.38,1178.28,517.22,
10967,2025-07-10,Riyadh,Sports,Resistance Bands,5,60.59,$302.95,SAR 112.42,Online
10905,2025-06-30,Dammam,Beauty,Perfume,4,352.07,1408.28,583.16,Retail
12953,2026-06-07,Riyadh,Home & Kitchen,Vacuum Cleaner,2,679.1,1358.2,509.6,Wholesale
13224,2026-07-26,Riyadh,sports,Dumbbell Set,,285.48,1427.4,SAR 523.02,Online
12976,2026-06-12,  MADINAH  ,Beauty,Makeup Kit,4,218.27,873.08,284.81,Online
10138,2025-02-26,Madinah,Sports,Sports Bottle,2,39.45,78.9,29.01,Wholesale
12783,2026-05-10,Riyadh,Beauty,Perfume,6,319.8,"$1,918.80",695.21,Online
12010,2025-12-31,Madinah,Electronics,Smart Watch,2,,742.22,272.28,Online
12591,2026-04-05,Jeddah,Sports,Sports Bottle,6,39.11,234.66,SAR 99.87,Online
10191,2025-03-07,Dammam,Sports,Dumbbell Set,4,276.71,1106.84,314.7,Online
11406,2025-09-28,Jeddah,Electronics,Laptop Stand,4,67.92,271.68,90.95,Wholesale
12255,2026-02-09,Makkah,Beauty,Perfume,4,329.37,"$1,317.48",SAR 589.89,Retail
10283,2025-03-23,Jeddah,Clothing,Wool Scarf,5,80.32,401.6,120.7,Wholesale
11877,2025-12-10,Jeddah,Beauty,Perfume,,343.47,1030.41,305.51,Retail
11956,2025-12-21,Jeddah,Sports,Sports Bottle,2,39.82,79.64,30.69,Online
11685,2025-11-12,Riyadh,sports,Sports Bottle,4,35.64,$142.56,SAR 61.20,Wholesale
10612,2025-05-15,Jeddah,Home & Kitchen,Non-stick Pan Set,3,261.66,$784.98,292.81,Retail
10235,2025-03-13,  RIYADH  ,Beauty,Skincare Set,,248.37,745.11,209.32,Wholesale
12706,2026-04-27,Riyadh,Beauty,Hair Dryer,6,156.73,940.38,304.46,Online
12088,2026-01-13,Madinah,Beauty,Perfume,5,352.16,1760.8,507.04,Retail
10063,2025-02-12,  MAKKAH  ,Home & Kitchen,Blender,4,209.26,837.04,303.89,Wholesale
12027,2026-01-03,Madinah,Clothing,Denim Jacket,2,256.14,512.28,160.38,Retail
11186,2025-08-17,Makkah,Beauty,Perfume,5,383.43,1917.15,744.81,Retail
12602,2026-04-08,,electronics,Smart Watch,2,403.74,807.48,241.0,Online
12288,2026-02-14,Jeddah,Beauty,Face Serum,3,121.99,365.97,SAR 143.53,Online
11296,2025-09-07,Madinah,Sports,Yoga Mat,3,100.72,302.16,SAR 130.92,Retail
11015,2025-07-20,Jeddah,Sports,Cycling Helmet,2,,435.94,139.32,
12793,2026-05-12,Riyadh,Clothing,Leather Belt,5,107.73,538.65,191.55,Wholesale
11443,2025-10-04,Dammam,Clothing,Leather Belt,4,106.59,426.36,178.59,Wholesale
11585,2025-10-27,Dammam,Home & Kitchen,Non-stick Pan Set,6,219.93,"$1,319.58",391.87,Wholesale
12622,2026-04-11,Jeddah,electronics,Wireless Earbuds,5,159.87,799.35,328.48,Online
12056,2026-01-08,,Clothing,Leather Belt,1,91.29,$91.29,29.72,Online
12632,2026-04-13,Madinah,Home & Kitchen,Vacuum Cleaner,1,598.79,$598.79,250.5,Online
10830,2025-06-19,  MAKKAH  ,Home & Kitchen,Coffee Maker,4,285.38,1141.52,487.0,Retail
12849,2026-05-22,Riyadh,Electronics,Wireless Earbuds,2,161.42,322.84,SAR 90.69,Wholesale
11955,2025-12-21,Jeddah,Sports,Cycling Helmet,3,205.14,615.42,237.39,Wholesale
12069,2026-01-09,Dammam,Clothing,Denim Jacket,5,,"$1,360.40",SAR 485.61,Wholesale
12121,2026-01-19,Makkah,Clothing,Leather Belt,6,104.27,625.62,276.72,Wholesale
11574,2025-10-26,Madinah,Clothing,Leather Belt,4,94.45,377.8,156.54,Retail
11417,2025-09-30,Madinah,Clothing,Cotton T-Shirt,5,61.55,307.75,108.53,Wholesale
12637,2026-04-14,Dammam,Sports,Resistance Bands,2,62.51,125.02,42.79,Retail
11862,2025-12-08,  RIYADH  ,Electronics,Smart Watch,5,373.81,1869.05,756.35,Retail
10997,2025-07-17,Madinah,Home & Kitchen,Air Fryer,2,391.92,783.84,291.71,Retail
12145,2026-01-23,Jeddah,Beauty,Skincare Set,3,255.45,$766.35,SAR 216.14,Wholesale
10644,2025-05-20,Madinah,Electronics,Wireless Earbuds,3,168.67,506.01,218.57,Online
12684,2026-04-23,Jeddah,Clothing,Running Shoes,6,296.29,1777.74,508.6,Online
11708,2025-11-15,Madinah,Beauty,Hair Dryer,2,165.77,331.54,122.49,Wholesale
10458,2025-04-19,  MADINAH  ,Electronics,Power Bank,4,91.46,365.84,161.18,
10150,2025-02-27,Jeddah,Clothing,Cotton T-Shirt,5,65.94,329.7,113.63,Retail
10297,2025-03-25,Madinah,Beauty,Hair Dryer,6,152.73,916.38,SAR 323.17,Online
10580,2025-05-10,Jeddah,Home & Kitchen,Vacuum Cleaner,2,592.7,1185.4,450.86,Retail
13235,2026-07-28,  RIYADH  ,Home & Kitchen,Vacuum Cleaner,4,569.89,"$2,279.56",SAR 732.24,Retail
11394,2025-09-26,Dammam,Clothing,Leather Belt,5,90.7,453.5,177.61,Online
11779,2025-11-26,Madinah,Sports,Sports Bottle,3,38.25,114.75,45.42,Retail
12249,2026-02-08,Dammam,Beauty,Perfume,6,363.67,2182.02,922.75,
10015,2025-02-02,Dammam,Clothing,Denim Jacket,6,259.05,"$1,554.30",630.01,Online
11498,2025-10-12,Riyadh,Beauty,Makeup Kit,6,231.83,1390.98,SAR 495.68,Wholesale
12687,2026-04-24,Madinah,home & kitchen,Blender,3,207.84,623.52,179.56,Wholesale
13019,2026-06-20,Makkah,Clothing,Leather Belt,,100.82,604.92,234.64,Retail
13240,2026-07-28,Makkah,Beauty,Hair Dryer,5,162.47,812.35,339.88,Wholesale
12894,2026-05-27,Makkah,Electronics,Power Bank,4,84.41,337.64,120.49,Online
12280,2026-02-13,Makkah,Home & Kitchen,Vacuum Cleaner,1,551.52,551.52,180.28,Online
10037,2025-02-06,Riyadh,Clothing,Wool Scarf,1,90.56,$90.56,SAR 36.67,Wholesale
10016,2025-02-02,Makkah,Sports,Sports Bottle,3,37.24,$111.72,31.33,
10957,2025-07-08,Riyadh,Electronics,Power Bank,5,97.88,$489.40,201.88,Retail
11845,2025-12-06,  MADINAH  ,Clothing,Denim Jacket,2,253.7,507.4,228.31,Retail
12321,2026-02-20,  MAKKAH  ,Sports,Resistance Bands,2,56.86,$113.72,SAR 49.78,Retail
11033,2025-07-22,Riyadh,Home & Kitchen,Blender,5,210.89,1054.45,SAR 460.73,Retail
10660,2025-05-23,Riyadh,Sports,Yoga Mat,5,92.98,464.9,148.41,Retail
10032,2025-02-05,Jeddah,Electronics,Wireless Earbuds,6,150.16,$900.96,340.56,Wholesale
10064,2025-02-12,Madinah,Clothing,Running Shoes,1,322.08,322.08,144.84,Online
12524,2026-03-25,Jeddah,Sports,Dumbbell Set,4,268.81,"$1,075.24",449.55,Online
11066,2025-07-29,Riyadh,Electronics,Power Bank,1,88.64,88.64,35.15,Wholesale
12053,2026-01-07,Jeddah,Beauty,Makeup Kit,1,226.73,226.73,78.52,Retail
10619,2025-05-16,Dammam,Home & Kitchen,Coffee Maker,1,299.27,299.27,119.66,Online
13125,2026-07-10,Madinah,Beauty,Hair Dryer,2,154.87,$309.74,129.89,Online
12714,2026-04-28,Makkah,Electronics,Wireless Earbuds,2,170.19,340.38,SAR 146.31,Wholesale
11742,2025-11-20,Dammam,Clothing,Wool Scarf,4,85.83,343.32,100.53,Retail
11454,2025-10-05,Jeddah,Sports,Yoga Mat,3,86.76,260.28,104.14,Retail
10822,2025-06-18,Dammam,Beauty,Skincare Set,2,246.49,492.98,210.23,Online
10124,2025-02-24,Dammam,Sports,Resistance Bands,1,54.45,54.45,15.6,Online
11885,2025-12-11,Jeddah,Clothing,Denim Jacket,3,243.24,729.72,305.47,Retail
13009,2026-06-18,Makkah,Home & Kitchen,Vacuum Cleaner,3,655.81,1967.43,725.31,Wholesale
10805,2025-06-15,Dammam,Home & Kitchen,Vacuum Cleaner,6,542.72,3256.32,1296.6,Wholesale
12717,2026-04-29,Riyadh,Home & Kitchen,Vacuum Cleaner,2,610.88,1221.76,433.99,Wholesale
12829,2026-05-18,Madinah,Electronics,Power Bank,3,102.1,306.3,SAR 123.31,
10761,2025-06-09,Riyadh,Clothing,Cotton T-Shirt,2,62.44,$124.88,SAR 49.31,Retail
12253,2026-02-09,Makkah,Sports,Cycling Helmet,,192.54,$577.62,SAR 190.91,Wholesale
12216,2026-02-04,Madinah,Beauty,Skincare Set,2,283.84,567.68,SAR 163.13,Wholesale
11621,2025-11-01,Makkah,Home & Kitchen,Coffee Maker,4,253.68,1014.72,364.6,Online
10024,2025-02-04,Riyadh,clothing,Leather Belt,1,91.22,91.22,33.51,Retail
10970,2025-07-11,  DAMMAM  ,home & kitchen,Vacuum Cleaner,4,545.59,2182.36,SAR 707.37,Online
12769,2026-05-07,Dammam,Sports,Sports Bottle,4,40.43,$161.72,52.97,Online
11991,2025-12-28,Dammam,Home & Kitchen,Non-stick Pan Set,6,256.74,1540.44,644.98,Wholesale
10615,2025-05-16,Dammam,clothing,Denim Jacket,5,257.87,1289.35,440.61,Online
11665,2025-11-08,Jeddah,Home & Kitchen,Non-stick Pan Set,3,209.8,629.4,251.69,Wholesale
11783,2025-11-27,Riyadh,Clothing,Running Shoes,2,276.27,$552.54,196.78,Online
11749,2025-11-22,Dammam,Beauty,Hair Dryer,2,168.16,$336.32,SAR 142.94,
10795,2025-06-14,Makkah,Electronics,Wireless Earbuds,3,147.06,$441.18,137.24,Wholesale
12548,2026-03-29,Riyadh,Electronics,Bluetooth Speaker,5,182.63,$913.15,391.8,Online
12418,2026-03-08,Madinah,Sports,Sports Bottle,1,39.99,$39.99,SAR 11.52,Online
10346,2025-04-02,  JEDDAH  ,Beauty,Hair Dryer,3,151.18,453.54,154.23,Wholesale
13262,2026-07-31,Dammam,clothing,Leather Belt,6,110.72,664.32,189.47,Retail
12398,2026-03-05,Riyadh,sports,Yoga Mat,2,82.5,165.0,SAR 61.66,Retail
11644,2025-11-04,Makkah,Sports,Sports Bottle,1,41.74,41.74,14.2,Retail
10474,2025-04-21,Dammam,Home & Kitchen,Non-stick Pan Set,3,219.47,658.41,190.67,Retail
12727,2026-05-01,Makkah,Sports,Dumbbell Set,1,252.07,252.07,101.6,Retail
12930,2026-06-02,Makkah,beauty,Perfume,2,383.43,$766.86,264.75,Retail
12424,2026-03-09,  JEDDAH  ,Home & Kitchen,Air Fryer,3,341.1,1023.3,366.14,Online
11565,2025-10-24,Makkah,Home & Kitchen,Blender,6,187.86,1127.16,SAR 480.06,Wholesale
10562,2025-05-05,Riyadh,Beauty,Skincare Set,3,259.85,779.55,235.39,Retail
10165,2025-03-02,Dammam,Sports,Dumbbell Set,6,228.04,1368.24,424.08,Online
10280,2025-03-22,Makkah,Clothing,Running Shoes,5,311.08,"$1,555.40",615.55,Wholesale
11474,2025-10-09,  MADINAH  ,Home & Kitchen,Coffee Maker,2,274.55,549.1,202.36,
12005,2025-12-30,Madinah,Home & Kitchen,Air Fryer,3,390.06,"$1,170.18",341.88,Online
12193,2026-02-01,  RIYADH  ,Sports,Sports Bottle,1,41.67,41.67,12.39,Wholesale
10071,2025-02-13,Madinah,Home & Kitchen,Air Fryer,2,372.8,745.6,307.05,Retail
12945,2026-06-06,Riyadh,Electronics,Laptop Stand,2,65.0,130.0,41.84,Retail
12752,2026-05-05,Riyadh,Clothing,Cotton T-Shirt,,64.95,389.7,133.78,Retail
12179,2026-01-30,Madinah,Electronics,Wireless Earbuds,2,164.13,328.26,141.74,Retail
10390,2025-04-08,Riyadh,Sports,Dumbbell Set,5,286.18,1430.9,600.14,Online
11331,2025-09-13,  MADINAH  ,Clothing,Wool Scarf,6,,432.24,147.86,Online
12051,2026-01-07,Jeddah,Clothing,Wool Scarf,2,84.38,168.76,54.12,Retail
11273,2025-09-02,Madinah,Home & Kitchen,Vacuum Cleaner,5,683.32,3416.6,1179.62,Wholesale
11754,2025-11-22,Madinah,Electronics,Smart Watch,2,391.6,783.2,303.0,Online
10767,2025-06-10,  DAMMAM  ,Electronics,Power Bank,6,89.83,538.98,215.54,Online
11972,2025-12-25,,Electronics,Bluetooth Speaker,5,202.51,1012.55,427.57,Retail
13227,2026-07-27,Dammam,Clothing,Leather Belt,4,111.98,447.92,157.0,Retail
11301,2025-09-08,Makkah,Clothing,Denim Jacket,6,270.73,1624.38,599.96,
10092,2025-02-17,Makkah,Home & Kitchen,Blender,2,209.24,$418.48,119.75,Online
10898,2025-06-29,  MAKKAH  ,Home & Kitchen,Non-stick Pan Set,6,243.89,1463.34,SAR 635.98,Retail
13241,2026-07-29,Riyadh,Electronics,Power Bank,,85.58,256.74,73.78,Online
10102,2025-02-19,Dammam,Home & Kitchen,Blender,5,213.98,"$1,069.90",431.21,Retail
10009,2025-02-02,Dammam,electronics,Smart Watch,1,397.02,397.02,148.06,Wholesale
11428,2025-10-01,Riyadh,Electronics,Smart Watch,1,377.86,377.86,150.78,Retail
10468,2025-04-21,Dammam,Electronics,Bluetooth Speaker,1,216.86,216.86,83.72,Online
12570,2026-04-01,  DAMMAM  ,Sports,Sports Bottle,6,44.38,266.28,108.59,
10375,2025-04-06,Dammam,Beauty,Perfume,2,345.14,$690.28,200.19,Wholesale
12839,2026-05-19,Madinah,Clothing,Denim Jacket,5,273.42,1367.1,580.11,Retail
12227,2026-02-05,Dammam,Home & Kitchen,Vacuum Cleaner,5,545.0,2725.0,989.2,Online
11722,2025-11-17,Riyadh,Sports,Sports Bottle,1,38.87,38.87,15.0,Retail
10812,2025-06-17,Dammam,Clothing,Leather Belt,3,90.41,$271.23,91.86,Retail
10075,2025-02-13,Madinah,Beauty,Face Serum,5,124.14,620.7,189.8,Wholesale
10407,2025-04-11,Riyadh,Sports,Yoga Mat,5,84.26,421.3,166.24,Wholesale
12186,2026-01-31,Jeddah,Beauty,Hair Dryer,6,182.37,1094.22,379.77,Retail
10478,2025-04-22,Jeddah,Electronics,Smart Watch,3,398.63,"$1,195.89",528.2,Wholesale
11376,2025-09-22,Jeddah,Electronics,Bluetooth Speaker,1,197.89,197.89,79.74,Wholesale
13118,2026-07-10,Riyadh,Home & Kitchen,Blender,5,212.07,"$1,060.35",317.91,Online
10239,2025-03-14,Madinah,Sports,Cycling Helmet,4,184.63,738.52,SAR 296.16,Wholesale
12896,2026-05-27,Dammam,Clothing,Wool Scarf,6,90.24,$541.44,216.23,Retail
11656,2025-11-07,  RIYADH  ,Home & Kitchen,Blender,6,,1174.2,425.02,Online
12402,2026-03-06,  JEDDAH  ,home & kitchen,Air Fryer,1,316.84,316.84,96.63,Wholesale
11610,2025-10-30,Madinah,Electronics,Laptop Stand,4,69.51,278.04,98.31,Wholesale
11097,2025-08-03,Dammam,Home & Kitchen,Vacuum Cleaner,6,597.5,3585.0,1157.15,Retail
10717,2025-06-01,Jeddah,Electronics,Laptop Stand,4,70.35,$281.40,100.76,Online
12455,2026-03-14,Madinah,Home & Kitchen,Blender,2,209.77,$419.54,125.35,Online
10227,2025-03-12,  MADINAH  ,beauty,Hair Dryer,2,150.29,$300.58,99.86,Online
11969,2025-12-24,Dammam,Beauty,Skincare Set,3,265.0,795.0,333.89,Online
10006,2025-02-01,Riyadh,Beauty,Face Serum,3,143.43,$430.29,149.47,Retail
10681,2025-05-27,Riyadh,Clothing,Leather Belt,5,106.04,$530.20,164.09,Online
13059,2026-06-27,Riyadh,Clothing,Cotton T-Shirt,1,57.55,57.55,20.35,Wholesale
12635,2026-04-13,Riyadh,Clothing,Running Shoes,5,282.25,1411.25,455.97,Wholesale
11611,2025-10-31,Riyadh,Beauty,Hair Dryer,1,181.18,181.18,73.74,Wholesale
10620,2025-05-16,Riyadh,Home & Kitchen,Non-stick Pan Set,1,241.37,$241.37,80.9,Online
11175,2025-08-15,Dammam,clothing,Denim Jacket,5,227.03,1135.15,507.32,Wholesale
10378,2025-04-07,Makkah,Home & Kitchen,Blender,1,183.65,183.65,53.2,Wholesale
11502,2025-10-13,Jeddah,Home & Kitchen,Air Fryer,3,328.31,$984.93,413.46,Wholesale
10496,2025-04-25,Riyadh,Home & Kitchen,Vacuum Cleaner,5,560.38,2801.9,809.13,Wholesale
11531,2025-10-18,Jeddah,Beauty,Hair Dryer,,164.07,984.42,SAR 284.21,Wholesale
10374,2025-04-06,Dammam,Sports,Cycling Helmet,5,,994.2,SAR 316.65,
12735,2026-05-02,Dammam,Clothing,Denim Jacket,5,249.16,1245.8,386.4,Wholesale
11580,2025-10-26,  RIYADH  ,Electronics,Laptop Stand,4,63.89,255.56,82.42,Online
12644,2026-04-15,Makkah,Sports,Resistance Bands,4,67.11,268.44,95.3,Retail
12412,2026-03-07,Madinah,Sports,Resistance Bands,5,67.8,339.0,126.25,Wholesale
10614,2025-05-16,Dammam,Sports,Dumbbell Set,2,237.15,474.3,155.83,Online
10537,2025-05-02,Jeddah,Home & Kitchen,Non-stick Pan Set,,221.52,$664.56,251.97,Online
11571,2025-10-25,Dammam,Electronics,Smart Watch,4,452.25,1809.0,660.46,Wholesale
10793,2025-06-14,Riyadh,Home & Kitchen,Non-stick Pan Set,2,234.05,468.1,SAR 139.10,Online
12885,2026-05-26,Riyadh,Sports,Cycling Helmet,3,207.05,621.15,244.96,Wholesale
11907,2025-12-14,Makkah,Clothing,Denim Jacket,1,257.4,257.4,110.31,Retail
10829,2025-06-19,Riyadh,Home & Kitchen,Air Fryer,6,382.14,2292.84,979.51,Online
11916,2025-12-15,  JEDDAH  ,Electronics,Power Bank,6,82.99,497.94,201.47,Online
10428,2025-04-14,Makkah,Electronics,Wireless Earbuds,4,153.31,613.24,246.95,Wholesale
13107,2026-07-07,Makkah,Clothing,Denim Jacket,5,270.23,1351.15,512.9,Wholesale
11043,2025-07-24,Riyadh,Electronics,Wireless Earbuds,4,162.31,649.24,287.47,Retail
12567,2026-04-01,Dammam,Sports,Dumbbell Set,4,271.17,1084.68,357.89,Online
12723,2026-05-01,Makkah,Home & Kitchen,Vacuum Cleaner,1,594.64,$594.64,207.93,Wholesale
12877,2026-05-25,  DAMMAM  ,electronics,Wireless Earbuds,1,152.18,152.18,51.61,Online
12581,2026-04-03,  MADINAH  ,Beauty,Skincare Set,4,255.42,1021.68,SAR 350.27,Retail
12149,2026-01-24,  MAKKAH  ,Clothing,Running Shoes,,339.51,679.02,256.95,Wholesale
10809,2025-06-16,  MAKKAH  ,Electronics,Bluetooth Speaker,2,215.92,431.84,178.77,Online
11554,2025-10-22,Riyadh,Sports,Sports Bottle,1,38.64,38.64,15.51,Wholesale
10255,2025-03-18,  MAKKAH  ,Clothing,Wool Scarf,3,79.93,239.79,78.28,Wholesale
11905,2025-12-14,  MADINAH  ,Home & Kitchen,Coffee Maker,3,275.99,827.97,370.12,Wholesale
11581,2025-10-26,Madinah,Electronics,Power Bank,5,93.03,465.15,206.74,Wholesale
10177,2025-03-04,Riyadh,clothing,Running Shoes,1,278.58,278.58,105.42,Retail
10567,2025-05-07,Makkah,Beauty,Face Serum,1,133.31,133.31,43.43,Retail
11757,2025-11-23,Jeddah,Home & Kitchen,Air Fryer,3,395.27,1185.81,349.79,Retail
12973,2026-06-11,Madinah,Beauty,Perfume,1,346.72,346.72,113.66,Wholesale
10938,2025-07-05,  DAMMAM  ,Home & Kitchen,Coffee Maker,1,270.44,270.44,118.83,Wholesale
11623,2025-11-01,Dammam,Home & Kitchen,Blender,3,199.02,597.06,212.2,Wholesale
11125,2025-08-07,Madinah,sports,Yoga Mat,1,85.74,85.74,29.55,Wholesale
11338,2025-09-15,Dammam,electronics,Power Bank,2,90.31,180.62,79.25,Wholesale
11184,2025-08-16,Dammam,Sports,Dumbbell Set,1,240.66,240.66,79.04,Wholesale
10989,2025-07-16,Makkah,Home & Kitchen,Vacuum Cleaner,5,625.24,3126.2,1296.7,Online
12515,2026-03-24,Dammam,Home & Kitchen,Air Fryer,3,377.26,1131.78,456.38,Retail
11100,2025-08-04,Madinah,Beauty,Perfume,6,335.59,2013.54,811.02,Retail
12349,2026-02-25,Riyadh,Clothing,Leather Belt,6,91.01,546.06,173.98,Wholesale
10809,2025-06-16,  MAKKAH  ,Electronics,Bluetooth Speaker,2,215.92,431.84,178.77,Online
13176,2026-07-18,Riyadh,Electronics,Smart Watch,4,396.24,"$1,584.96",527.87,Retail
11591,2025-10-28,Madinah,Beauty,Makeup Kit,5,205.81,1029.05,406.67,Retail
12589,2026-04-05,Madinah,Home & Kitchen,Air Fryer,3,369.06,"$1,107.18",484.46,Online
12946,2026-06-06,Riyadh,Electronics,Smart Watch,5,380.42,1902.1,SAR 760.70,Retail
10871,2025-06-25,  DAMMAM  ,Electronics,Bluetooth Speaker,4,183.42,733.68,220.77,Wholesale
11700,2025-11-14,Makkah,Home & Kitchen,Coffee Maker,6,306.59,1839.54,794.82,Retail
10659,2025-05-22,Jeddah,Sports,Dumbbell Set,3,269.76,809.28,SAR 277.97,Online
11594,2025-10-28,Makkah,Home & Kitchen,Coffee Maker,2,296.61,593.22,244.59,Retail
12805,2026-05-14,Makkah,Clothing,Denim Jacket,1,234.99,234.99,SAR 94.00,Wholesale
11494,2025-10-11,Jeddah,Clothing,Leather Belt,1,89.13,89.13,SAR 34.84,Online
10031,2025-02-05,,Clothing,Leather Belt,5,100.8,504.0,159.57,Wholesale
12599,2026-04-07,Madinah,Electronics,Power Bank,1,84.66,84.66,23.76,Retail
11172,2025-08-14,Makkah,Clothing,Running Shoes,6,322.28,1933.68,554.64,Online
10194,2025-03-07,Riyadh,Clothing,Denim Jacket,5,265.02,"$1,325.10",580.62,Online
10121,2025-02-23,Dammam,Clothing,Cotton T-Shirt,1,55.55,55.55,22.09,Online
11903,2025-12-14,Dammam,electronics,Wireless Earbuds,4,151.24,604.96,267.08,Online
12606,2026-04-08,,beauty,Perfume,5,323.55,1617.75,689.0,Wholesale
10626,2025-05-17,Madinah,Electronics,Power Bank,1,89.63,89.63,31.85,Retail
10878,2025-06-27,Dammam,electronics,Laptop Stand,,73.12,$219.36,90.89,Retail
10594,2025-05-11,Madinah,Sports,Dumbbell Set,6,278.45,1670.7,604.38,Online
11183,2025-08-16,  JEDDAH  ,Beauty,Perfume,1,335.5,335.5,SAR 104.83,Wholesale
11534,2025-10-18,Makkah,Sports,Resistance Bands,5,60.5,$302.50,99.65,Wholesale
12814,2026-05-15,Dammam,Clothing,Wool Scarf,3,84.85,254.55,82.98,Online
12173,2026-01-28,Makkah,Beauty,Makeup Kit,1,212.04,212.04,59.55,Online
11063,2025-07-28,Riyadh,Clothing,Wool Scarf,5,84.51,$422.55,179.18,Online
11410,2025-09-28,Jeddah,Clothing,Denim Jacket,6,236.28,"$1,417.68",SAR 481.00,Wholesale
11659,2025-11-07,  JEDDAH  ,Sports,Sports Bottle,3,37.11,111.33,48.41,Wholesale
11884,2025-12-11,Riyadh,Home & Kitchen,Coffee Maker,3,283.1,849.3,358.31,Retail
10960,2025-07-09,Jeddah,Beauty,Hair Dryer,6,157.8,946.8,399.5,Retail
10356,2025-04-04,Jeddah,Beauty,Skincare Set,6,294.19,1765.14,693.02,Wholesale
12993,2026-06-15,,Clothing,Denim Jacket,4,224.31,897.24,361.25,Retail
11128,2025-08-07,,Clothing,Running Shoes,1,292.52,292.52,82.97,Wholesale
11346,2025-09-17,Riyadh,Clothing,Leather Belt,4,107.4,$429.60,169.32,Wholesale
11077,2025-07-31,Riyadh,home & kitchen,Non-stick Pan Set,5,228.44,1142.2,402.82,Wholesale
12075,2026-01-10,Madinah,home & kitchen,Vacuum Cleaner,5,565.74,2828.7,975.51,Retail
11654,2025-11-06,Madinah,Clothing,Denim Jacket,1,230.32,230.32,72.17,Wholesale
10954,2025-07-07,Jeddah,Sports,Dumbbell Set,1,226.4,$226.40,96.43,
11095,2025-08-02,  MAKKAH  ,Clothing,Denim Jacket,1,259.64,259.64,SAR 94.76,Retail
11721,2025-11-17,Riyadh,Electronics,Wireless Earbuds,2,154.0,308.0,93.55,Online
12506,2026-03-23,Riyadh,Electronics,Wireless Earbuds,1,162.98,162.98,54.2,Online
12160,2026-01-26,Dammam,Electronics,Bluetooth Speaker,3,189.2,$567.60,240.89,Retail
10228,2025-03-12,Jeddah,Beauty,Face Serum,4,127.85,511.4,167.57,Wholesale
12324,2026-02-21,,Electronics,Power Bank,6,101.94,611.64,213.34,Wholesale
10503,2025-04-26,Dammam,Clothing,Leather Belt,2,98.47,196.94,64.05,Wholesale
10242,2025-03-15,Jeddah,Home & Kitchen,Non-stick Pan Set,,241.3,241.3,98.72,Wholesale
10946,2025-07-06,Madinah,sports,Resistance Bands,3,63.16,189.48,72.36,Online
13053,2026-06-26,Madinah,Clothing,Denim Jacket,2,227.07,$454.14,179.03,Wholesale
10705,2025-05-30,Madinah,Electronics,Laptop Stand,1,70.78,70.78,27.76,Retail
11590,2025-10-27,  JEDDAH  ,Beauty,Hair Dryer,1,171.32,171.32,73.41,Retail
10624,2025-05-17,Jeddah,Home & Kitchen,Vacuum Cleaner,,649.68,3248.4,1353.28,Online
10543,2025-05-03,Riyadh,Clothing,Running Shoes,4,313.5,1254.0,526.44,Wholesale
12564,2026-03-31,Riyadh,Electronics,Wireless Earbuds,6,147.9,887.4,295.07,Retail
11121,2025-08-07,Dammam,Clothing,Leather Belt,,111.56,446.24,SAR 172.77,Online
12212,2026-02-03,Makkah,Sports,Sports Bottle,1,38.16,38.16,11.46,Wholesale
12689,2026-04-24,,electronics,Smart Watch,5,376.49,1882.45,824.74,Retail
11887,2025-12-11,Riyadh,Beauty,Hair Dryer,3,147.07,441.21,157.3,
10850,2025-06-21,Madinah,Clothing,Cotton T-Shirt,2,55.29,110.58,37.48,Retail
11462,2025-10-06,Dammam,Beauty,Face Serum,3,144.6,433.8,142.91,Retail
13040,2026-06-24,  DAMMAM  ,Electronics,Wireless Earbuds,4,143.2,$572.80,227.11,Retail
12773,2026-05-08,Madinah,Clothing,Running Shoes,5,299.01,1495.05,495.7,Retail
12295,2026-02-16,Riyadh,Clothing,Cotton T-Shirt,5,55.86,$279.30,116.35,Online
12114,2026-01-18,  MAKKAH  ,Beauty,Perfume,1,356.89,$356.89,130.8,Wholesale
12631,2026-04-13,Madinah,Sports,Dumbbell Set,4,285.99,1143.96,SAR 507.36,Online
10890,2025-06-28,Riyadh,Home & Kitchen,Non-stick Pan Set,4,,"$1,018.08",409.28,Wholesale
13246,2026-07-29,Makkah,Home & Kitchen,Coffee Maker,3,288.45,865.35,269.05,Wholesale
11083,2025-07-31,Makkah,Clothing,Running Shoes,1,317.8,317.8,126.7,Wholesale
10775,2025-06-11,  MAKKAH  ,Clothing,Cotton T-Shirt,1,61.52,61.52,18.94,
12868,2026-05-24,Madinah,Clothing,Running Shoes,1,314.59,314.59,109.89,Retail
12410,2026-03-07,Madinah,Home & Kitchen,Vacuum Cleaner,4,672.32,2689.28,755.91,Online
12565,2026-03-31,Madinah,Electronics,Laptop Stand,,79.23,237.69,83.49,Retail
12779,2026-05-10,Jeddah,clothing,Cotton T-Shirt,,57.84,173.52,SAR 63.01,Wholesale
10855,2025-06-23,Makkah,Sports,Yoga Mat,3,90.58,271.74,116.65,Wholesale
10792,2025-06-13,Jeddah,home & kitchen,Blender,1,207.48,207.48,73.29,Retail
11833,2025-12-04,Jeddah,Home & Kitchen,Vacuum Cleaner,6,569.72,"$3,418.32",1181.44,Online
12101,2026-01-15,Riyadh,Sports,Yoga Mat,5,81.42,407.1,157.37,
11540,2025-10-20,Riyadh,Clothing,Leather Belt,1,107.82,107.82,42.85,Online
10613,2025-05-15,  JEDDAH  ,Beauty,Skincare Set,6,290.5,1743.0,632.55,Online
11889,2025-12-11,Makkah,Clothing,Running Shoes,2,298.99,$597.98,235.84,
13095,2026-07-06,Riyadh,Beauty,Makeup Kit,6,199.07,1194.42,409.71,Retail
12126,2026-01-20,Riyadh,Beauty,Perfume,4,338.36,1353.44,401.72,Wholesale
12335,2026-02-23,Makkah,Clothing,Wool Scarf,5,85.93,$429.65,191.66,Wholesale
10023,2025-02-03,  RIYADH  ,sports,Resistance Bands,4,53.39,213.56,62.37,Wholesale
11002,2025-07-17,Dammam,Beauty,Skincare Set,3,275.56,826.68,261.43,Wholesale
11046,2025-07-24,Madinah,Clothing,Denim Jacket,6,245.98,"$1,475.88",641.37,Online
12499,2026-03-21,  MADINAH  ,Beauty,Perfume,6,364.76,"$2,188.56",710.42,Retail
12979,2026-06-12,Dammam,Sports,Resistance Bands,5,54.39,271.95,106.58,Wholesale
12700,2026-04-26,Madinah,Home & Kitchen,Air Fryer,1,340.52,340.52,125.57,Online
10630,2025-05-18,  JEDDAH  ,Clothing,Leather Belt,1,108.56,108.56,45.91,Online
11448,2025-10-04,Jeddah,Beauty,Perfume,5,373.88,1869.4,626.15,Online
13111,2026-07-08,Makkah,Clothing,Cotton T-Shirt,2,61.82,123.64,SAR 49.00,Online
12266,2026-02-11,  MADINAH  ,Clothing,Denim Jacket,6,248.77,1492.62,462.73,Retail
10921,2025-07-02,Riyadh,Sports,Dumbbell Set,5,270.1,1350.5,456.39,Wholesale
11841,2025-12-05,Jeddah,Electronics,Laptop Stand,2,63.88,127.76,52.79,Retail
11290,2025-09-06,Riyadh,Clothing,Denim Jacket,2,252.24,504.48,206.91,
11262,2025-09-01,Makkah,Beauty,Face Serum,5,140.35,701.75,287.98,Online
12476,2026-03-17,Jeddah,Clothing,Running Shoes,1,333.22,333.22,129.73,Retail
11402,2025-09-27,Riyadh,Sports,Resistance Bands,3,60.51,$181.53,60.44,Wholesale
13091,2026-07-04,Madinah,Home & Kitchen,Blender,5,215.15,1075.75,457.13,Retail
11532,2025-10-18,Makkah,home & kitchen,Non-stick Pan Set,,245.9,1475.4,592.0,
12290,2026-02-15,Jeddah,Clothing,Denim Jacket,6,285.03,1710.18,593.63,Retail
12207,2026-02-02,Madinah,Beauty,Skincare Set,1,271.89,271.89,97.87,Wholesale
10035,2025-02-06,Jeddah,Electronics,Power Bank,5,,411.4,139.52,Online
12755,2026-05-05,Riyadh,Beauty,Face Serum,6,143.07,858.42,312.79,Online
11135,2025-08-08,Madinah,Home & Kitchen,Vacuum Cleaner,6,,3760.86,1319.3,
12373,2026-03-01,Makkah,Home & Kitchen,Non-stick Pan Set,2,208.5,417.0,166.18,Retail
12959,2026-06-08,Riyadh,sports,Yoga Mat,3,89.13,267.39,SAR 80.11,Wholesale
10256,2025-03-18,Madinah,Beauty,Makeup Kit,6,250.76,"$1,504.56",434.6,Retail
12964,2026-06-10,Madinah,Beauty,Hair Dryer,4,150.64,$602.56,184.44,Wholesale
11246,2025-08-29,Jeddah,Electronics,Smart Watch,6,398.61,2391.66,722.55,Online
11695,2025-11-13,Dammam,Sports,Resistance Bands,4,63.65,254.6,80.52,Wholesale
10589,2025-05-11,Jeddah,Electronics,Smart Watch,6,431.56,2589.36,733.13,Retail
13196,2026-07-20,Dammam,beauty,Skincare Set,6,281.23,1687.38,549.27,Retail
12741,2026-05-04,  MADINAH  ,Electronics,Laptop Stand,6,76.9,461.4,158.13,Wholesale
11915,2025-12-15,Riyadh,Sports,Sports Bottle,2,41.71,83.42,33.67,Wholesale
11732,2025-11-18,Madinah,Beauty,Makeup Kit,1,208.24,208.24,88.85,Online
11178,2025-08-15,Dammam,Electronics,Laptop Stand,,77.56,232.68,70.95,Online
10768,2025-06-10,Makkah,Clothing,Leather Belt,2,102.55,205.1,81.01,Wholesale
12333,2026-02-22,Dammam,Electronics,Wireless Earbuds,2,159.1,318.2,119.65,Online
10441,2025-04-16,Jeddah,Beauty,Makeup Kit,6,208.76,"$1,252.56",404.32,Wholesale
10858,2025-06-23,  DAMMAM  ,Beauty,Skincare Set,3,249.91,749.73,264.07,Online
10284,2025-03-23,Riyadh,Electronics,Power Bank,5,90.27,451.35,184.64,Online
10516,2025-04-28,Dammam,Home & Kitchen,Blender,2,183.87,367.74,140.92,Online
11144,2025-08-10,Jeddah,Electronics,Bluetooth Speaker,4,218.95,875.8,SAR 284.55,Wholesale
11499,2025-10-12,Jeddah,Home & Kitchen,Blender,2,208.04,416.08,130.1,
13052,2026-06-26,Makkah,Home & Kitchen,Air Fryer,5,380.33,1901.65,585.23,Online
11794,2025-11-28,  DAMMAM  ,Clothing,Denim Jacket,6,278.62,1671.72,482.05,Online
10674,2025-05-26,Makkah,Clothing,Leather Belt,2,105.12,210.24,79.92,Retail
11882,2025-12-10,Makkah,Sports,Yoga Mat,2,91.5,183.0,53.66,Online
12895,2026-05-27,  DAMMAM  ,Home & Kitchen,Vacuum Cleaner,5,568.34,2841.7,"SAR 1,132.08",Retail
12428,2026-03-10,Riyadh,Home & Kitchen,Coffee Maker,4,307.36,1229.44,439.28,Wholesale
11765,2025-11-24,Makkah,Home & Kitchen,Air Fryer,3,363.0,1089.0,SAR 475.90,Wholesale
11434,2025-10-02,Makkah,Clothing,Running Shoes,4,297.43,1189.72,340.4,Retail
10540,2025-05-02,  MADINAH  ,Beauty,Hair Dryer,5,178.05,890.25,396.23,Retail
11999,2025-12-29,  JEDDAH  ,Home & Kitchen,Air Fryer,2,370.62,$741.24,290.74,Online
10291,2025-03-24,,Electronics,Smart Watch,,392.32,"$2,353.92",869.69,Wholesale
11189,2025-08-17,Jeddah,Sports,Yoga Mat,,101.91,611.46,192.1,Online
12406,2026-03-06,Makkah,Electronics,Power Bank,3,83.4,250.2,74.98,Retail
13129,2026-07-11,Riyadh,Beauty,Skincare Set,4,243.03,972.12,311.8,Online
13209,2026-07-23,Jeddah,Beauty,Hair Dryer,5,167.13,835.65,339.54,Wholesale
10322,2025-03-30,  JEDDAH  ,Clothing,Denim Jacket,4,233.64,934.56,SAR 301.76,Online
12379,2026-03-02,Jeddah,Sports,Cycling Helmet,6,192.98,1157.88,SAR 404.15,Retail
11304,2025-09-08,  RIYADH  ,Home & Kitchen,Coffee Maker,5,312.04,1560.2,SAR 621.04,Online
10648,2025-05-21,Riyadh,electronics,Laptop Stand,5,68.9,344.5,122.96,Retail
12947,2026-06-06,Jeddah,Clothing,Denim Jacket,1,239.78,239.78,96.59,Wholesale
10618,2025-05-16,Makkah,Clothing,Cotton T-Shirt,6,53.93,323.58,130.92,Retail
12800,2026-05-13,Dammam,beauty,Makeup Kit,4,238.51,954.04,374.19,Retail
10670,2025-05-25,Makkah,Clothing,Leather Belt,4,97.83,391.32,118.37,Wholesale
13117,2026-07-09,Jeddah,Electronics,Wireless Earbuds,2,165.78,331.56,143.88,Retail
12072,2026-01-10,Makkah,Home & Kitchen,Vacuum Cleaner,4,634.86,"$2,539.44",816.14,Retail
12907,2026-05-29,Riyadh,Electronics,Bluetooth Speaker,1,195.88,195.88,SAR 59.41,Retail
11637,2025-11-03,Madinah,Sports,Dumbbell Set,4,235.8,943.2,379.89,Retail
12304,2026-02-17,Dammam,Clothing,Running Shoes,4,273.56,1094.24,SAR 412.07,Wholesale
10299,2025-03-26,Makkah,Sports,Cycling Helmet,4,222.52,890.08,289.19,Retail
12104,2026-01-16,  JEDDAH  ,home & kitchen,Air Fryer,6,393.73,2362.38,822.22,Online
13222,2026-07-26,  MAKKAH  ,Sports,Yoga Mat,1,84.15,84.15,34.75,Retail
12703,2026-04-26,  RIYADH  ,Clothing,Wool Scarf,1,83.61,$83.61,27.22,Retail
11626,2025-11-02,Jeddah,Electronics,Bluetooth Speaker,6,215.13,1290.78,531.18,Retail
11039,2025-07-23,Makkah,Beauty,Face Serum,1,142.51,142.51,41.76,Wholesale
10675,2025-05-26,Riyadh,Clothing,Leather Belt,5,93.09,465.45,159.64,Retail
11797,2025-11-28,Jeddah,Home & Kitchen,Non-stick Pan Set,5,243.71,"$1,218.55",511.05,Wholesale
12172,2026-01-28,  MAKKAH  ,Home & Kitchen,Coffee Maker,1,296.4,296.4,98.08,Wholesale
11232,2025-08-26,Madinah,beauty,Face Serum,,142.31,142.31,40.79,Online
11163,2025-08-13,Riyadh,Electronics,Smart Watch,2,432.79,865.58,323.99,Wholesale
11678,2025-11-11,Riyadh,Beauty,Hair Dryer,4,169.74,678.96,252.11,Online
12386,2026-03-04,Makkah,Sports,Dumbbell Set,,250.87,1003.48,411.46,Retail
11918,2025-12-16,Madinah,Home & Kitchen,Vacuum Cleaner,4,627.14,2508.56,858.15,Wholesale
11214,2025-08-23,Jeddah,Home & Kitchen,Air Fryer,5,372.08,1860.4,707.63,Retail
11145,2025-08-10,Madinah,Clothing,Running Shoes,6,,1657.68,642.4,Retail
12024,2026-01-02,  MAKKAH  ,Beauty,Skincare Set,4,241.8,967.2,336.05,Online
11559,2025-10-23,  JEDDAH  ,Beauty,Perfume,6,322.26,1933.56,716.97,Online
10872,2025-06-25,Makkah,Home & Kitchen,Coffee Maker,5,272.19,1360.95,586.46,Retail
12712,2026-04-28,Madinah,Clothing,Running Shoes,3,323.04,$969.12,297.77,Retail
10163,2025-03-02,Riyadh,Beauty,Makeup Kit,6,238.11,"$1,428.66",579.23,Wholesale
12091,2026-01-13,,Sports,Sports Bottle,4,41.97,167.88,48.64,Wholesale
11550,2025-10-22,Jeddah,Sports,Sports Bottle,1,42.95,42.95,SAR 18.29,Wholesale
10226,2025-03-12,Madinah,Sports,Yoga Mat,6,87.59,525.54,168.03,Retail
13259,2026-07-31,Makkah,Clothing,Leather Belt,4,100.07,$400.28,129.27,Online
10133,2025-02-25,Jeddah,Home & Kitchen,Vacuum Cleaner,1,621.8,621.8,269.96,
10977,2025-07-12,Riyadh,Home & Kitchen,Coffee Maker,,310.5,310.5,115.52,
11062,2025-07-28,Jeddah,Electronics,Wireless Earbuds,6,136.07,$816.42,SAR 357.92,Online
13018,2026-06-19,Riyadh,clothing,Wool Scarf,2,79.03,$158.06,69.59,
12665,2026-04-19,Dammam,Home & Kitchen,Air Fryer,2,314.59,629.18,246.77,Retail
10783,2025-06-12,Makkah,beauty,Face Serum,2,141.66,283.32,SAR 101.01,Online
10011,2025-02-02,Riyadh,Sports,Dumbbell Set,5,269.49,"$1,347.45",568.92,Wholesale
10230,2025-03-13,Jeddah,Home & Kitchen,Vacuum Cleaner,4,608.24,2432.96,SAR 978.29,Wholesale
12385,2026-03-04,Makkah,Electronics,Bluetooth Speaker,3,184.98,$554.94,SAR 227.49,Wholesale
12647,2026-04-16,Riyadh,Beauty,Skincare Set,4,243.77,975.08,405.77,Online
11457,2025-10-06,Makkah,Home & Kitchen,Blender,,184.43,553.29,216.09,Online
12680,2026-04-22,  JEDDAH  ,Beauty,Face Serum,6,131.22,$787.32,345.82,
12340,2026-02-23,  MADINAH  ,Clothing,Cotton T-Shirt,4,63.62,254.48,113.57,Online
11846,2025-12-06,  RIYADH  ,Clothing,Leather Belt,4,99.63,398.52,147.38,Wholesale
11615,2025-10-31,Jeddah,Beauty,Skincare Set,3,291.29,873.87,309.81,Wholesale
11922,2025-12-16,Makkah,Sports,Resistance Bands,1,56.16,56.16,15.87,Wholesale
10074,2025-02-13,Jeddah,Clothing,Cotton T-Shirt,1,64.58,64.58,26.66,Online
11452,2025-10-05,  JEDDAH  ,Clothing,Cotton T-Shirt,3,65.48,196.44,71.24,Retail
10653,2025-05-22,  DAMMAM  ,Clothing,Denim Jacket,1,241.85,241.85,105.96,Retail
12948,2026-06-06,Dammam,clothing,Denim Jacket,6,,1665.9,537.88,Retail
10447,2025-04-17,Madinah,Electronics,Laptop Stand,1,79.12,79.12,23.04,Retail
11147,2025-08-10,  MAKKAH  ,Home & Kitchen,Vacuum Cleaner,2,604.11,1208.22,456.2,Retail
10811,2025-06-17,,Beauty,Skincare Set,6,267.21,1603.26,651.84,Retail
11880,2025-12-10,Jeddah,Home & Kitchen,Blender,5,195.91,979.55,327.8,Wholesale
11990,2025-12-28,Dammam,Electronics,Smart Watch,1,445.95,445.95,147.67,Online
12046,2026-01-06,Dammam,Clothing,Running Shoes,1,274.7,$274.70,90.54,Online
10288,2025-03-24,Madinah,Home & Kitchen,Air Fryer,4,358.1,1432.4,458.44,Wholesale
10307,2025-03-28,Dammam,Clothing,Cotton T-Shirt,5,64.03,$320.15,131.04,Retail
10013,2025-02-02,Jeddah,Electronics,Bluetooth Speaker,4,192.42,$769.68,318.75,Online
10206,2025-03-08,Dammam,Electronics,Power Bank,1,85.51,85.51,29.92,Online
11648,2025-11-05,  DAMMAM  ,Sports,Resistance Bands,6,53.15,318.9,133.47,Online
10128,2025-02-24,Dammam,Beauty,Perfume,3,371.91,1115.73,426.12,Online
11024,2025-07-21,Madinah,Beauty,Skincare Set,2,246.0,$492.00,151.79,Wholesale
10014,2025-02-02,Dammam,Clothing,Wool Scarf,4,88.57,354.28,120.71,Retail
10084,2025-02-15,Madinah,sports,Cycling Helmet,2,203.39,406.78,164.18,Wholesale
12356,2026-02-26,Makkah,Sports,Cycling Helmet,6,199.19,1195.14,431.14,Online
10500,2025-04-25,Jeddah,Electronics,Laptop Stand,3,78.67,$236.01,91.22,Online
12353,2026-02-26,Jeddah,Clothing,Leather Belt,3,103.3,309.9,124.74,Retail
12903,2026-05-28,  DAMMAM  ,Home & Kitchen,Non-stick Pan Set,6,228.37,1370.22,456.63,Retail
12656,2026-04-17,Madinah,Sports,Resistance Bands,4,55.5,222.0,94.74,Wholesale
12095,2026-01-14,  MADINAH  ,Electronics,Laptop Stand,4,74.7,298.8,97.25,Retail
12576,2026-04-02,Jeddah,Sports,Cycling Helmet,2,195.31,$390.62,131.78,Wholesale
12538,2026-03-27,Jeddah,Clothing,Cotton T-Shirt,1,54.49,$54.49,18.96,Online
11115,2025-08-06,Makkah,Clothing,Running Shoes,6,332.77,"$1,996.62",881.58,Online
10147,2025-02-27,Riyadh,Beauty,Face Serum,6,138.8,832.8,360.53,Retail
10781,2025-06-12,Jeddah,clothing,Leather Belt,6,95.26,571.56,196.44,Retail
11476,2025-10-09,Makkah,Clothing,Running Shoes,1,282.69,282.69,127.18,Online
11816,2025-12-02,Madinah,Electronics,Bluetooth Speaker,3,201.93,605.79,262.34,
10271,2025-03-21,Madinah,Clothing,Running Shoes,2,281.21,$562.42,163.72,Retail
11627,2025-11-02,Jeddah,Home & Kitchen,Vacuum Cleaner,1,678.98,678.98,205.35,Wholesale
12810,2026-05-15,Makkah,Sports,Dumbbell Set,2,278.55,557.1,234.32,Online
12409,2026-03-07,Jeddah,Clothing,Denim Jacket,3,266.45,799.35,243.15,Online
12022,2026-01-01,Riyadh,Sports,Sports Bottle,5,42.14,$210.70,88.74,Retail
10947,2025-07-06,  RIYADH  ,Home & Kitchen,Vacuum Cleaner,3,,1653.45,614.85,Wholesale
11218,2025-08-23,Madinah,Sports,Yoga Mat,5,91.71,458.55,147.84,
12578,2026-04-02,Riyadh,Home & Kitchen,Non-stick Pan Set,6,212.84,1277.04,543.74,Online
10106,2025-02-19,Madinah,Home & Kitchen,Blender,6,201.67,1210.02,SAR 481.44,Retail
12771,2026-05-08,Jeddah,Sports,Resistance Bands,1,58.79,58.79,24.86,
12181,2026-01-30,Riyadh,Electronics,Wireless Earbuds,6,164.16,984.96,SAR 297.53,Online
10907,2025-06-30,Jeddah,home & kitchen,Coffee Maker,2,251.91,503.82,171.18,Retail
12764,2026-05-07,Madinah,Beauty,Face Serum,3,117.49,352.47,137.36,Online
10034,2025-02-06,  JEDDAH  ,clothing,Leather Belt,4,92.57,370.28,155.08,Wholesale
12992,2026-06-15,Makkah,Beauty,Perfume,2,364.47,728.94,278.42,Wholesale
12768,2026-05-07,Madinah,Beauty,Hair Dryer,3,168.54,505.62,151.48,Wholesale
12535,2026-03-27,  JEDDAH  ,Beauty,Skincare Set,6,237.08,1422.48,473.68,Retail
10848,2025-06-21,Jeddah,Clothing,Leather Belt,6,100.87,605.22,230.15,Retail
12878,2026-05-25,Jeddah,Clothing,Running Shoes,6,302.93,1817.58,790.07,Wholesale
12432,2026-03-10,Makkah,Sports,Yoga Mat,6,85.15,510.9,172.84,Wholesale
10347,2025-04-03,Dammam,Electronics,Laptop Stand,6,76.41,458.46,202.29,Wholesale
11249,2025-08-29,Dammam,Sports,Dumbbell Set,5,269.47,1347.35,543.47,Online
10707,2025-05-30,Madinah,Beauty,Hair Dryer,3,181.31,543.93,202.34,Wholesale
10917,2025-07-01,Dammam,Home & Kitchen,Coffee Maker,1,299.58,$299.58,104.37,Wholesale
11673,2025-11-10,Riyadh,Home & Kitchen,Vacuum Cleaner,6,608.16,3648.96,"SAR 1,528.28",Wholesale
11170,2025-08-14,Makkah,Beauty,Face Serum,2,125.39,$250.78,104.66,Wholesale
12477,2026-03-17,Madinah,Home & Kitchen,Non-stick Pan Set,,230.76,461.52,163.56,
11341,2025-09-16,Makkah,Clothing,Running Shoes,2,316.59,$633.18,189.78,Wholesale
13163,2026-07-16,  RIYADH  ,Sports,Dumbbell Set,6,263.94,1583.64,495.59,Retail
11954,2025-12-21,Madinah,Sports,Sports Bottle,4,41.13,164.52,69.27,Wholesale
13072,2026-06-29,  MAKKAH  ,Beauty,Makeup Kit,1,222.6,222.6,93.04,Retail
10976,2025-07-12,Jeddah,Home & Kitchen,Blender,2,195.81,391.62,174.09,Online
11437,2025-10-03,  RIYADH  ,Electronics,Power Bank,2,88.52,177.04,76.51,
11131,2025-08-08,Madinah,beauty,Face Serum,2,120.89,241.78,99.35,Retail
11374,2025-09-22,Makkah,Sports,Dumbbell Set,2,236.61,473.22,152.62,Retail
12880,2026-05-25,Madinah,Electronics,Wireless Earbuds,1,155.49,155.49,44.21,Online
10940,2025-07-05,Madinah,Beauty,Hair Dryer,6,162.66,975.96,415.31,Wholesale
11793,2025-11-28,Jeddah,Home & Kitchen,Non-stick Pan Set,2,233.84,467.68,195.58,Wholesale
10542,2025-05-02,Jeddah,Home & Kitchen,Blender,4,204.23,816.92,279.37,Retail
11084,2025-07-31,Makkah,Sports,Resistance Bands,2,59.21,118.42,48.23,Online
10208,2025-03-09,Madinah,Electronics,Laptop Stand,5,65.44,$327.20,104.06,Wholesale
12942,2026-06-05,Riyadh,Electronics,Bluetooth Speaker,2,202.92,405.84,129.81,Online
11268,2025-09-01,Riyadh,Clothing,Running Shoes,5,301.68,1508.4,432.68,Wholesale
12577,2026-04-02,Jeddah,Sports,Dumbbell Set,6,279.94,1679.64,539.68,Wholesale
10993,2025-07-16,Jeddah,home & kitchen,Coffee Maker,5,259.02,1295.1,477.45,Online
10509,2025-04-26,Riyadh,Electronics,Wireless Earbuds,4,150.42,601.68,227.83,Retail
12134,2026-01-22,,Beauty,Skincare Set,1,276.02,276.02,100.58,Retail
12955,2026-06-07,Riyadh,Clothing,Leather Belt,1,99.39,99.39,29.8,Online
10159,2025-03-01,Jeddah,Electronics,Bluetooth Speaker,3,216.29,$648.87,272.62,Retail
10935,2025-07-04,Jeddah,Sports,Yoga Mat,6,101.41,608.46,264.87,Online
10188,2025-03-06,Dammam,Electronics,Power Bank,3,99.54,298.62,86.6,Wholesale
13210,2026-07-23,Makkah,Home & Kitchen,Blender,1,209.43,209.43,73.77,Retail
11894,2025-12-12,Dammam,Beauty,Hair Dryer,4,149.09,596.36,236.82,Online
12128,2026-01-21,Jeddah,electronics,Wireless Earbuds,1,140.02,140.02,44.18,Retail
12408,2026-03-07,Dammam,Home & Kitchen,Vacuum Cleaner,,589.59,1768.77,SAR 764.50,Online
11074,2025-07-30,Jeddah,Home & Kitchen,Vacuum Cleaner,1,675.43,$675.43,296.42,Wholesale
12958,2026-06-07,Madinah,Home & Kitchen,Air Fryer,5,,1739.35,734.75,Online
12458,2026-03-14,,Clothing,Cotton T-Shirt,2,67.82,135.64,43.86,Online
11164,2025-08-13,Makkah,Electronics,Power Bank,5,85.5,427.5,170.95,
10794,2025-06-14,Madinah,Electronics,Laptop Stand,6,67.28,403.68,131.51,Online
10030,2025-02-05,Riyadh,Home & Kitchen,Air Fryer,5,334.87,1674.35,563.04,Retail
11087,2025-08-01,Makkah,Sports,Yoga Mat,5,84.56,422.8,157.02,
12411,2026-03-07,Madinah,Clothing,Wool Scarf,6,86.91,521.46,194.33,
11510,2025-10-15,Madinah,Electronics,Wireless Earbuds,1,137.93,137.93,SAR 55.11,Online
10876,2025-06-26,Makkah,Beauty,Skincare Set,1,233.37,233.37,68.03,Online
10433,2025-04-15,Makkah,Electronics,Wireless Earbuds,2,150.54,301.08,135.45,Wholesale
10358,2025-04-04,Madinah,Beauty,Hair Dryer,5,182.47,$912.35,262.09,Online
12403,2026-03-06,Makkah,Clothing,Wool Scarf,4,84.1,336.4,128.65,Online
11488,2025-10-10,Makkah,beauty,Skincare Set,5,296.01,1480.05,624.38,Online
11156,2025-08-12,Jeddah,Clothing,Denim Jacket,1,270.6,270.6,93.98,Online
10323,2025-03-30,Dammam,Beauty,Skincare Set,4,282.14,1128.56,SAR 353.99,Retail
11354,2025-09-19,Jeddah,Home & Kitchen,Non-stick Pan Set,1,260.55,260.55,101.32,
12278,2026-02-13,Madinah,Electronics,Power Bank,6,93.16,558.96,167.85,Online
12108,2026-01-16,Jeddah,Sports,Dumbbell Set,5,281.37,"$1,406.85",SAR 408.79,Online
12076,2026-01-10,Jeddah,Electronics,Wireless Earbuds,6,,938.22,SAR 282.33,Wholesale
10835,2025-06-20,Riyadh,Sports,Yoga Mat,4,90.27,361.08,108.61,Retail
12092,2026-01-13,Jeddah,Beauty,Makeup Kit,5,235.27,"$1,176.35",468.43,Retail
10591,2025-05-11,  MADINAH  ,Beauty,Makeup Kit,5,198.68,993.4,331.44,Online
13207,2026-07-22,Dammam,Home & Kitchen,Non-stick Pan Set,4,211.12,844.48,311.22,Online
10792,2025-06-13,Jeddah,home & kitchen,Blender,1,207.48,207.48,73.29,Retail
11293,2025-09-06,Madinah,Electronics,Power Bank,5,93.92,$469.60,177.3,
12262,2026-02-10,Dammam,Home & Kitchen,Coffee Maker,6,303.53,1821.18,666.43,Online
12140,2026-01-23,Madinah,Sports,Yoga Mat,5,96.13,480.65,157.13,Wholesale
11543,2025-10-21,  DAMMAM  ,Beauty,Skincare Set,2,,506.92,194.45,Wholesale
10504,2025-04-26,Jeddah,Clothing,Cotton T-Shirt,6,67.09,402.54,154.35,Online
11693,2025-11-13,  MAKKAH  ,Home & Kitchen,Air Fryer,2,345.31,690.62,210.3,Online
12233,2026-02-06,Jeddah,Beauty,Face Serum,1,123.16,123.16,50.55,Retail
10371,2025-04-06,Jeddah,Beauty,Face Serum,3,121.34,364.02,148.93,Wholesale
11525,2025-10-16,  DAMMAM  ,sports,Sports Bottle,2,44.08,88.16,38.78,Wholesale
11489,2025-10-11,Madinah,Beauty,Perfume,5,337.79,1688.95,SAR 707.18,Retail
12438,2026-03-11,Dammam,clothing,Running Shoes,5,330.56,"$1,652.80",661.31,Retail
10927,2025-07-03,Jeddah,beauty,Perfume,4,337.01,"$1,348.04",485.06,Wholesale
12471,2026-03-16,Riyadh,Clothing,Running Shoes,3,329.63,988.89,317.62,Online
12232,2026-02-06,Jeddah,Clothing,Cotton T-Shirt,6,63.18,379.08,169.02,Online
11146,2025-08-10,Makkah,Beauty,Perfume,4,337.52,1350.08,469.75,Retail
11511,2025-10-15,Makkah,Clothing,Cotton T-Shirt,2,53.45,106.9,40.34,Retail
12850,2026-05-22,  MAKKAH  ,Clothing,Cotton T-Shirt,3,65.16,195.48,78.7,Wholesale
10391,2025-04-08,Riyadh,Beauty,Hair Dryer,4,174.81,$699.24,215.84,Retail
10790,2025-06-13,Madinah,Sports,Cycling Helmet,5,225.16,"$1,125.80",477.0,Retail
11912,2025-12-15,Riyadh,Beauty,Face Serum,2,134.51,269.02,75.56,Online
12668,2026-04-20,Makkah,Clothing,Wool Scarf,6,90.66,543.96,224.25,Wholesale
11632,2025-11-02,Makkah,clothing,Cotton T-Shirt,3,64.4,193.2,63.58,Wholesale
12891,2026-05-27,Madinah,beauty,Hair Dryer,6,150.38,902.28,334.2,Wholesale
11699,2025-11-14,Riyadh,Clothing,Denim Jacket,1,265.51,265.51,96.94,Online
12819,2026-05-16,Makkah,Home & Kitchen,Coffee Maker,2,310.07,620.14,270.98,
12650,2026-04-17,Dammam,Clothing,Cotton T-Shirt,2,63.85,127.7,49.52,Retail
10217,2025-03-10,Riyadh,Sports,Dumbbell Set,1,239.52,$239.52,89.96,Wholesale
11366,2025-09-21,Jeddah,Sports,Cycling Helmet,6,220.97,1325.82,593.84,Retail
11881,2025-12-10,  RIYADH  ,Clothing,Leather Belt,1,99.52,99.52,31.69,Online
10351,2025-04-03,  MADINAH  ,Clothing,Wool Scarf,2,82.0,164.0,SAR 52.18,Wholesale
12302,2026-02-17,Jeddah,Clothing,Leather Belt,2,110.41,220.82,96.82,Online
10951,2025-07-07,Makkah,beauty,Face Serum,5,136.85,684.25,249.79,Wholesale
10317,2025-03-29,Madinah,Beauty,Perfume,5,342.71,1713.55,654.33,Retail
12125,2026-01-20,Madinah,Home & Kitchen,Coffee Maker,,302.48,"$1,814.88",732.59,
11264,2025-09-01,  MADINAH  ,Electronics,Bluetooth Speaker,,225.74,1354.44,429.22,Wholesale
13041,2026-06-24,Makkah,clothing,Cotton T-Shirt,5,64.0,320.0,90.96,Online
11795,2025-11-28,Jeddah,Electronics,Power Bank,1,,91.02,31.5,Online
11323,2025-09-11,Makkah,Beauty,Skincare Set,1,297.55,297.55,130.03,Retail
10146,2025-02-26,Madinah,electronics,Laptop Stand,,66.15,$66.15,22.07,Wholesale
11480,2025-10-10,Madinah,Sports,Cycling Helmet,3,190.95,$572.85,230.91,Online
10846,2025-06-21,Dammam,Clothing,Cotton T-Shirt,2,67.27,134.54,60.46,Wholesale
11996,2025-12-29,  DAMMAM  ,Electronics,Wireless Earbuds,5,137.53,687.65,244.18,Retail
11925,2025-12-16,Dammam,Sports,Sports Bottle,2,38.76,77.52,SAR 27.80,Wholesale
12638,2026-04-14,Madinah,Sports,Resistance Bands,4,65.35,261.4,SAR 107.76,Retail
11234,2025-08-26,Dammam,Beauty,Makeup Kit,,208.75,1252.5,384.62,Wholesale
12588,2026-04-04,Jeddah,Sports,Resistance Bands,1,53.81,53.81,23.61,Online
12154,2026-01-25,Dammam,sports,Sports Bottle,1,37.04,37.04,14.54,Retail
12790,2026-05-12,Madinah,home & kitchen,Blender,6,181.55,"$1,089.30",467.2,Retail
10536,2025-05-02,Dammam,Home & Kitchen,Non-stick Pan Set,6,245.31,1471.86,419.0,Retail
11220,2025-08-24,Madinah,Beauty,Face Serum,5,135.67,678.35,SAR 258.92,Retail
13231,2026-07-27,Madinah,Clothing,Leather Belt,4,96.71,386.84,131.57,Wholesale
12032,2026-01-03,Makkah,Electronics,Smart Watch,2,360.53,$721.06,246.68,
12184,2026-01-31,Riyadh,Clothing,Cotton T-Shirt,6,67.13,402.78,180.99,Online
13034,2026-06-22,Dammam,Clothing,Denim Jacket,1,,233.11,98.62,Online
12196,2026-02-01,Makkah,Home & Kitchen,Non-stick Pan Set,3,249.81,$749.43,297.31,Online
11744,2025-11-21,Makkah,Electronics,Laptop Stand,3,68.34,205.02,69.28,Online
10684,2025-05-28,  RIYADH  ,Beauty,Skincare Set,4,257.08,1028.32,455.15,Online
12415,2026-03-08,  JEDDAH  ,Beauty,Makeup Kit,3,245.91,737.73,225.11,Retail
11470,2025-10-08,Jeddah,beauty,Hair Dryer,4,171.18,684.72,SAR 213.84,Online
12820,2026-05-16,Jeddah,Clothing,Wool Scarf,3,86.3,258.9,89.45,Online
11832,2025-12-04,Dammam,Sports,Resistance Bands,5,66.22,$331.10,SAR 117.26,Retail
12881,2026-05-25,Jeddah,Beauty,Face Serum,6,118.88,713.28,298.43,Retail
11806,2025-11-30,Riyadh,Sports,Cycling Helmet,3,185.53,556.59,199.39,Online
12994,2026-06-15,Riyadh,Home & Kitchen,Coffee Maker,4,316.14,"$1,264.56",SAR 555.53,Wholesale
10883,2025-06-27,Madinah,Beauty,Face Serum,,117.04,234.08,69.39,Retail
12289,2026-02-14,Madinah,Beauty,Hair Dryer,6,160.78,964.68,319.18,Retail
12211,2026-02-03,Jeddah,Home & Kitchen,Vacuum Cleaner,2,645.14,1290.28,446.96,Retail
12626,2026-04-12,Makkah,Electronics,Bluetooth Speaker,2,190.81,381.62,136.44,Wholesale
10127,2025-02-24,Riyadh,Beauty,Makeup Kit,4,215.35,861.4,289.5,Retail
10672,2025-05-25,Riyadh,Sports,Resistance Bands,2,55.32,110.64,SAR 46.83,Online
11082,2025-07-31,Riyadh,Sports,Resistance Bands,3,54.09,162.27,50.92,Wholesale
11377,2025-09-22,Riyadh,Sports,Dumbbell Set,4,254.3,1017.2,326.23,Retail
11014,2025-07-19,Makkah,Sports,Dumbbell Set,4,246.35,985.4,388.76,Online
11199,2025-08-19,Madinah,sports,Cycling Helmet,5,190.73,953.65,380.64,Online
11522,2025-10-16,  MAKKAH  ,Beauty,Skincare Set,4,267.98,1071.92,392.6,Online
12115,2026-01-18,Madinah,Beauty,Skincare Set,4,252.91,1011.64,284.59,Wholesale
13249,2026-07-29,Jeddah,beauty,Perfume,2,350.94,701.88,204.45,Online
12203,2026-02-02,Dammam,Clothing,Denim Jacket,4,261.87,1047.48,382.48,Wholesale
11879,2025-12-10,  MADINAH  ,Beauty,Skincare Set,5,278.07,"$1,390.35",452.89,Wholesale
10344,2025-04-02,Jeddah,Sports,Sports Bottle,2,43.38,$86.76,34.61,Online
11086,2025-08-01,  MAKKAH  ,Clothing,Wool Scarf,3,89.61,268.83,96.63,Online
10788,2025-06-13,Madinah,Electronics,Laptop Stand,2,79.24,158.48,63.18,Wholesale
10437,2025-04-16,Makkah,electronics,Smart Watch,5,381.66,1908.3,638.14,Retail
11764,2025-11-24,Jeddah,Beauty,Makeup Kit,6,250.34,1502.04,498.94,
10119,2025-02-23,Jeddah,Home & Kitchen,Blender,6,221.87,1331.22,582.94,Retail
13170,2026-07-17,Jeddah,Beauty,Makeup Kit,1,199.69,199.69,82.63,Online
11190,2025-08-18,Makkah,Beauty,Skincare Set,3,279.82,839.46,332.99,Wholesale
11295,2025-09-07,Jeddah,Home & Kitchen,Air Fryer,3,392.75,1178.25,471.22,Online
10332,2025-03-31,Makkah,Home & Kitchen,Non-stick Pan Set,,255.89,"$1,023.56",302.82,Wholesale
12738,2026-05-03,Makkah,Beauty,Face Serum,3,147.22,441.66,151.68,Retail
12396,2026-03-05,Dammam,Home & Kitchen,Non-stick Pan Set,4,252.3,"$1,009.20",413.8,Wholesale
12357,2026-02-26,Madinah,Home & Kitchen,Vacuum Cleaner,5,646.67,"$3,233.35","SAR 1,043.12",Wholesale
10533,2025-05-01,Makkah,Beauty,Skincare Set,,263.73,1318.65,554.79,Wholesale
11883,2025-12-11,Madinah,Clothing,Leather Belt,,92.31,184.62,72.62,Retail
11763,2025-11-24,  JEDDAH  ,Sports,Resistance Bands,2,57.95,$115.90,36.41,Wholesale
13109,2026-07-08,Makkah,Home & Kitchen,Vacuum Cleaner,1,560.33,560.33,194.56,Retail
10920,2025-07-02,Dammam,Home & Kitchen,Coffee Maker,5,270.7,1353.5,411.69,Retail
12806,2026-05-14,Makkah,Beauty,Perfume,3,349.11,1047.33,335.31,Online
10765,2025-06-10,Madinah,Electronics,Smart Watch,4,382.31,1529.24,432.95,Online
12194,2026-02-01,Riyadh,Electronics,Bluetooth Speaker,5,217.48,1087.4,320.28,Online
11151,2025-08-10,Makkah,Home & Kitchen,Vacuum Cleaner,1,621.61,621.61,182.79,Online
11298,2025-09-07,Dammam,Home & Kitchen,Coffee Maker,6,293.23,1759.38,750.49,Online
12002,2025-12-30,Dammam,Sports,Sports Bottle,6,41.59,249.54,SAR 79.63,Online
12507,2026-03-23,Riyadh,electronics,Bluetooth Speaker,2,216.79,433.58,135.56,Online
11941,2025-12-20,Makkah,Sports,Sports Bottle,4,35.79,143.16,54.27,Wholesale
12594,2026-04-06,Makkah,Beauty,Hair Dryer,5,148.55,742.75,SAR 331.78,Retail
12147,2026-01-24,Jeddah,Beauty,Makeup Kit,2,217.25,$434.50,193.98,Wholesale
11321,2025-09-10,Jeddah,Sports,Yoga Mat,4,95.64,382.56,169.31,Retail
12610,2026-04-09,Madinah,Beauty,Hair Dryer,4,177.55,710.2,291.62,Online
10722,2025-06-01,Dammam,Home & Kitchen,Non-stick Pan Set,3,231.9,695.7,245.48,Online
11831,2025-12-04,  MADINAH  ,Beauty,Perfume,1,339.99,339.99,127.83,Wholesale
12044,2026-01-06,Jeddah,Clothing,Leather Belt,5,99.59,$497.95,206.96,Retail
10694,2025-05-29,Jeddah,sports,Sports Bottle,3,42.91,128.73,44.49,Online
10494,2025-04-25,,Sports,Sports Bottle,3,44.22,132.66,37.34,Retail
11049,2025-07-25,Madinah,clothing,Denim Jacket,3,234.79,704.37,226.68,Retail
12995,2026-06-15,Dammam,Sports,Yoga Mat,1,80.66,80.66,34.21,Online
10055,2025-02-10,,clothing,Denim Jacket,6,230.5,1383.0,438.94,Wholesale
11123,2025-08-07,Makkah,Clothing,Wool Scarf,6,79.46,476.76,166.14,Retail
12307,2026-02-18,Jeddah,Clothing,Leather Belt,5,96.22,481.1,153.27,
12426,2026-03-09,Riyadh,Home & Kitchen,Coffee Maker,1,,304.45,119.53,Online
11827,2025-12-03,Jeddah,home & kitchen,Non-stick Pan Set,6,233.75,1402.5,SAR 498.85,
11252,2025-08-29,Madinah,Beauty,Perfume,3,359.23,1077.69,477.0,Online
12163,2026-01-27,Jeddah,Beauty,Face Serum,5,145.45,727.25,276.61,Online
12223,2026-02-05,Makkah,Home & Kitchen,Coffee Maker,6,293.41,1760.46,706.98,Online
13167,2026-07-17,Madinah,Sports,Cycling Helmet,2,222.63,445.26,139.47,Wholesale
10535,2025-05-02,  JEDDAH  ,electronics,Power Bank,3,100.06,300.18,134.05,Wholesale
11557,2025-10-23,Riyadh,Sports,Yoga Mat,6,97.69,586.14,194.04,Online
10047,2025-02-08,Dammam,Clothing,Wool Scarf,5,84.99,424.95,SAR 147.04,Online
13193,2026-07-20,Madinah,Electronics,Power Bank,1,81.32,$81.32,23.93,Online
11584,2025-10-27,,Electronics,Bluetooth Speaker,2,204.35,408.7,SAR 165.32,Online
12268,2026-02-11,Jeddah,Clothing,Running Shoes,4,277.84,1111.36,361.84,Wholesale
11792,2025-11-28,Riyadh,Clothing,Denim Jacket,5,247.52,1237.6,358.49,Online
12374,2026-03-01,Jeddah,Beauty,Skincare Set,2,260.14,520.28,161.08,Retail
10574,2025-05-08,Riyadh,Home & Kitchen,Air Fryer,4,390.58,1562.32,635.11,Online
11966,2025-12-24,Makkah,Electronics,Power Bank,1,90.69,90.69,39.27,Online
13198,2026-07-21,Makkah,Clothing,Running Shoes,3,332.44,997.32,SAR 346.55,Retail
11310,2025-09-09,Riyadh,Sports,Dumbbell Set,1,275.55,275.55,95.73,Retail
10197,2025-03-07,Jeddah,Sports,Yoga Mat,6,81.92,491.52,184.16,Wholesale
11538,2025-10-19,Jeddah,Electronics,Bluetooth Speaker,6,200.21,1201.26,485.45,Retail
11760,2025-11-23,Jeddah,Beauty,Face Serum,1,147.02,147.02,41.36,Online
13119,2026-07-10,Dammam,Sports,Dumbbell Set,4,257.93,1031.72,370.3,Wholesale
11235,2025-08-26,Riyadh,Clothing,Leather Belt,5,90.83,454.15,197.44,Online
12784,2026-05-11,Madinah,Sports,Cycling Helmet,5,210.47,"$1,052.35",375.75,Online
11871,2025-12-09,Dammam,sports,Resistance Bands,3,64.49,193.47,69.86,Online
10703,2025-05-30,Dammam,Sports,Cycling Helmet,3,196.39,$589.17,183.45,Retail
10779,2025-06-12,Riyadh,Sports,Resistance Bands,5,53.7,268.5,SAR 117.61,Wholesale
12604,2026-04-08,Dammam,Electronics,Smart Watch,,388.43,1553.72,SAR 687.82,Retail
10252,2025-03-18,Jeddah,Beauty,Perfume,3,394.75,1184.25,428.37,
10096,2025-02-18,  DAMMAM  ,Sports,Sports Bottle,6,38.71,232.26,84.54,Wholesale
12514,2026-03-24,Riyadh,Sports,Yoga Mat,1,94.83,94.83,28.39,Wholesale
10223,2025-03-11,Dammam,Clothing,Leather Belt,1,105.09,105.09,39.73,Wholesale
10142,2025-02-26,  MAKKAH  ,Electronics,Smart Watch,5,455.39,"$2,276.95",896.12,
12728,2026-05-01,Makkah,Clothing,Wool Scarf,5,71.94,359.7,161.06,Retail
12200,2026-02-02,  JEDDAH  ,Beauty,Makeup Kit,1,220.88,220.88,68.7,Retail
11275,2025-09-03,Riyadh,Clothing,Denim Jacket,4,262.94,1051.76,430.56,Online
11975,2025-12-25,  MAKKAH  ,Electronics,Bluetooth Speaker,5,189.56,$947.80,318.25,Wholesale
11690,2025-11-13,Makkah,Electronics,Power Bank,4,98.2,392.8,166.87,Wholesale
12918,2026-05-31,Makkah,Beauty,Skincare Set,5,233.94,1169.7,522.54,Online
12457,2026-03-14,  JEDDAH  ,Home & Kitchen,Coffee Maker,5,263.96,"$1,319.80",450.13,Retail
11423,2025-10-01,Makkah,Home & Kitchen,Air Fryer,1,325.34,325.34,135.0,Retail
13137,2026-07-12,Jeddah,Sports,Cycling Helmet,1,182.07,182.07,69.61,
10816,2025-06-17,Makkah,Sports,Yoga Mat,,85.6,85.6,SAR 30.82,Wholesale
11342,2025-09-16,Makkah,Electronics,Bluetooth Speaker,1,209.37,$209.37,SAR 73.39,Wholesale
12188,2026-01-31,Jeddah,Clothing,Running Shoes,2,334.74,669.48,SAR 235.77,Retail
13194,2026-07-20,Riyadh,Home & Kitchen,Blender,5,183.71,918.55,343.35,Wholesale
12561,2026-03-31,Dammam,Electronics,Wireless Earbuds,2,145.42,290.84,103.46,Online
11960,2025-12-23,Madinah,Electronics,Bluetooth Speaker,5,226.94,1134.7,347.31,Online
12106,2026-01-16,Madinah,Electronics,Laptop Stand,1,76.02,76.02,30.18,Wholesale
10769,2025-06-10,Dammam,Sports,Cycling Helmet,2,182.53,365.06,154.66,Wholesale
12620,2026-04-11,Riyadh,Sports,Cycling Helmet,5,217.54,1087.7,439.81,Wholesale
11091,2025-08-02,Makkah,Sports,Sports Bottle,,41.41,165.64,73.5,Retail
10922,2025-07-02,Jeddah,Home & Kitchen,Coffee Maker,4,263.71,1054.84,SAR 380.11,
12571,2026-04-01,Madinah,Electronics,Bluetooth Speaker,1,217.52,217.52,65.07,Online
12021,2026-01-01,Dammam,Electronics,Power Bank,1,96.45,96.45,41.04,Wholesale
10751,2025-06-06,Jeddah,Home & Kitchen,Air Fryer,6,353.83,2122.98,791.93,Online
10302,2025-03-26,Dammam,Sports,Sports Bottle,2,44.43,$88.86,SAR 35.77,Wholesale
11936,2025-12-18,Madinah,Sports,Dumbbell Set,2,252.6,505.2,165.24,
10875,2025-06-26,  JEDDAH  ,Electronics,Laptop Stand,6,79.22,475.32,SAR 197.31,Retail
11224,2025-08-25,Jeddah,electronics,Laptop Stand,3,65.23,$195.69,64.33,Wholesale
11684,2025-11-12,  JEDDAH  ,Sports,Yoga Mat,5,82.26,411.3,170.8,Wholesale
10089,2025-02-17,  RIYADH  ,Beauty,Face Serum,6,133.5,$801.00,SAR 224.29,Wholesale
12209,2026-02-03,Makkah,Clothing,Denim Jacket,3,266.95,800.85,236.47,Wholesale
11723,2025-11-17,Makkah,Beauty,Skincare Set,2,,481.16,206.87,
12982,2026-06-13,Dammam,Sports,Yoga Mat,3,84.14,252.42,108.33,Wholesale
13054,2026-06-26,Jeddah,sports,Sports Bottle,6,44.22,265.32,74.82,Online
10293,2025-03-25,  MADINAH  ,Home & Kitchen,Vacuum Cleaner,3,615.07,"$1,845.21",670.45,Wholesale
10341,2025-04-02,Madinah,clothing,Wool Scarf,3,76.53,$229.59,81.59,Online
10687,2025-05-28,Dammam,Sports,Cycling Helmet,4,191.93,767.72,344.76,Online
12983,2026-06-13,Riyadh,Home & Kitchen,Vacuum Cleaner,5,568.36,"$2,841.80",895.88,Retail
10569,2025-05-07,Jeddah,Home & Kitchen,Blender,2,184.21,368.42,134.26,Wholesale
10025,2025-02-04,Madinah,clothing,Denim Jacket,6,253.69,1522.14,542.69,Wholesale
12240,2026-02-07,Madinah,home & kitchen,Blender,2,195.37,$390.74,158.54,Retail
12625,2026-04-12,Dammam,beauty,Skincare Set,5,262.75,1313.75,SAR 410.23,Retail
12801,2026-05-13,Madinah,Beauty,Makeup Kit,3,249.92,$749.76,312.88,Online
12941,2026-06-05,Makkah,Beauty,Hair Dryer,,170.56,1023.36,SAR 394.10,Online
11664,2025-11-08,Jeddah,Beauty,Hair Dryer,5,181.53,907.65,312.19,Online
10152,2025-02-28,Riyadh,Beauty,Makeup Kit,6,227.03,1362.18,595.88,Wholesale
11643,2025-11-04,Jeddah,Home & Kitchen,Coffee Maker,4,263.42,1053.68,424.73,Online
10987,2025-07-15,Riyadh,Beauty,Perfume,2,390.37,$780.74,297.53,Wholesale
12569,2026-04-01,Madinah,Sports,Sports Bottle,1,43.77,43.77,17.5,Online
10839,2025-06-20,Jeddah,Beauty,Perfume,1,377.15,377.15,162.46,Online
12469,2026-03-16,Madinah,Clothing,Cotton T-Shirt,3,63.74,191.22,69.08,Online
12015,2025-12-31,Makkah,Electronics,Bluetooth Speaker,6,211.31,1267.86,500.86,Retail
11680,2025-11-11,Dammam,Sports,Yoga Mat,3,92.68,278.04,92.48,Retail
10926,2025-07-03,Makkah,Beauty,Perfume,3,355.65,1066.95,308.13,Online
10869,2025-06-25,Dammam,Electronics,Smart Watch,3,442.96,1328.88,521.38,Wholesale
13263,2026-07-31,Madinah,Clothing,Wool Scarf,2,77.99,155.98,49.31,Retail
12063,2026-01-09,Riyadh,Electronics,Smart Watch,3,416.97,1250.91,412.07,Online
13114,2026-07-08,Riyadh,Beauty,Perfume,1,343.35,$343.35,139.38,Online
11947,2025-12-20,Dammam,Electronics,Bluetooth Speaker,,213.61,1281.66,476.9,
12316,2026-02-19,Makkah,Home & Kitchen,Blender,5,,"$1,000.95",338.27,Online
12346,2026-02-25,Jeddah,Beauty,Makeup Kit,2,209.64,419.28,166.47,Online
10578,2025-05-09,Dammam,sports,Cycling Helmet,6,185.92,1115.52,344.46,Retail
10728,2025-06-03,Dammam,Home & Kitchen,Air Fryer,4,324.68,1298.72,392.92,Online
12260,2026-02-10,Madinah,Clothing,Running Shoes,6,336.51,2019.06,659.32,Online
10693,2025-05-29,  JEDDAH  ,Electronics,Smart Watch,4,437.22,"$1,748.88",504.78,Retail
10789,2025-06-13,Jeddah,Clothing,Running Shoes,1,326.77,326.77,94.64,Wholesale
10423,2025-04-14,  RIYADH  ,Sports,Resistance Bands,5,57.25,286.25,102.59,Wholesale
10110,2025-02-21,Madinah,Clothing,Running Shoes,1,341.93,341.93,121.7,Online
11219,2025-08-23,  RIYADH  ,Electronics,Laptop Stand,2,78.7,157.4,63.47,Retail
10725,2025-06-02,Madinah,Sports,Resistance Bands,4,57.53,$230.12,SAR 81.56,Online
10759,2025-06-09,Makkah,Beauty,Makeup Kit,3,205.78,$617.34,201.38,Online
13006,2026-06-18,Madinah,clothing,Denim Jacket,4,226.5,906.0,SAR 405.52,Retail
11727,2025-11-18,Dammam,electronics,Bluetooth Speaker,3,209.07,627.21,SAR 187.30,Wholesale
12863,2026-05-23,Dammam,Beauty,Skincare Set,5,269.3,"$1,346.50",406.16,Wholesale
13000,2026-06-16,  JEDDAH  ,Sports,Sports Bottle,2,38.45,76.9,25.2,Online
11675,2025-11-10,Dammam,beauty,Makeup Kit,4,222.64,$890.56,255.19,Wholesale
11638,2025-11-04,Dammam,Sports,Yoga Mat,2,90.36,180.72,78.03,Retail
11738,2025-11-20,Dammam,Electronics,Laptop Stand,3,78.27,234.81,69.34,Wholesale
12984,2026-06-13,Makkah,electronics,Bluetooth Speaker,3,223.19,$669.57,SAR 277.01,Retail
10571,2025-05-07,  MADINAH  ,Sports,Resistance Bands,4,66.2,264.8,74.35,Wholesale
13042,2026-06-24,Makkah,Sports,Dumbbell Set,4,251.58,"$1,006.32",434.04,Online
11442,2025-10-04,Jeddah,Clothing,Denim Jacket,4,259.43,1037.72,419.81,Online
13264,2026-07-31,Dammam,Electronics,Smart Watch,2,448.32,896.64,310.32,Online
13023,2026-06-20,Makkah,Sports,Dumbbell Set,5,244.08,"$1,220.40",435.67,Wholesale
13100,2026-07-06,Dammam,Clothing,Denim Jacket,1,247.49,247.49,95.51,Wholesale
12298,2026-02-16,Dammam,Clothing,Wool Scarf,1,78.44,78.44,28.49,Retail
11555,2025-10-22,Madinah,Clothing,Wool Scarf,3,81.22,$243.66,83.77,Wholesale
11180,2025-08-15,Riyadh,Sports,Cycling Helmet,1,220.07,220.07,SAR 97.46,Retail
10313,2025-03-28,Dammam,Electronics,Wireless Earbuds,3,155.26,465.78,201.1,Wholesale
11980,2025-12-27,Makkah,Electronics,Power Bank,3,94.47,283.41,120.79,Wholesale
10718,2025-06-01,Dammam,Beauty,Hair Dryer,4,181.92,727.68,241.08,Wholesale
11386,2025-09-25,Makkah,Clothing,Leather Belt,4,99.0,396.0,136.96,Retail
10358,2025-04-04,Madinah,Beauty,Hair Dryer,5,182.47,$912.35,262.09,Online
11481,2025-10-10,Makkah,Electronics,Wireless Earbuds,2,157.55,315.1,109.56,Retail
12808,2026-05-14,Riyadh,Home & Kitchen,Vacuum Cleaner,3,618.98,1856.94,672.39,Wholesale
12029,2026-01-03,  JEDDAH  ,Clothing,Running Shoes,2,323.67,647.34,258.17,Online
12937,2026-06-04,  JEDDAH  ,Beauty,Hair Dryer,1,168.82,168.82,58.52,Online
10931,2025-07-04,Makkah,Beauty,Hair Dryer,6,169.81,1018.86,325.03,Online
13021,2026-06-20,Makkah,Home & Kitchen,Air Fryer,1,363.5,363.5,106.83,Wholesale
10076,2025-02-14,Makkah,Sports,Cycling Helmet,5,194.89,974.45,313.39,Wholesale
11989,2025-12-28,  JEDDAH  ,Home & Kitchen,Vacuum Cleaner,5,653.33,3266.65,1325.21,Online
11911,2025-12-15,Dammam,Beauty,Perfume,1,330.15,330.15,106.65,Online
13214,2026-07-24,Jeddah,home & kitchen,Non-stick Pan Set,3,248.24,$744.72,269.97,Online
12171,2026-01-28,Jeddah,Home & Kitchen,Blender,2,204.64,409.28,SAR 115.85,Retail
10314,2025-03-28,  DAMMAM  ,Beauty,Skincare Set,5,265.08,1325.4,SAR 384.96,Online
10780,2025-06-12,Riyadh,Clothing,Leather Belt,1,91.61,91.61,37.63,Wholesale
12222,2026-02-05,  MAKKAH  ,Sports,Dumbbell Set,5,251.75,1258.75,499.23,
11652,2025-11-06,Dammam,Beauty,Skincare Set,1,264.72,264.72,107.99,Retail
10178,2025-03-05,Riyadh,Beauty,Perfume,3,358.88,1076.64,464.53,Online
12250,2026-02-08,Dammam,Clothing,Denim Jacket,4,270.28,1081.12,417.98,Wholesale
11546,2025-10-21,Dammam,Clothing,Denim Jacket,6,252.93,1517.58,454.54,Retail
13058,2026-06-27,Dammam,Beauty,Makeup Kit,3,222.98,$668.94,234.43,Retail
11524,2025-10-16,Jeddah,Electronics,Smart Watch,3,359.39,1078.17,303.0,Retail
10065,2025-02-12,Jeddah,Home & Kitchen,Non-stick Pan Set,1,260.42,$260.42,76.43,
11068,2025-07-29,Jeddah,Beauty,Perfume,2,341.36,682.72,262.07,Retail
12230,2026-02-06,Makkah,Beauty,Skincare Set,1,267.07,267.07,SAR 91.04,
12695,2026-04-26,Makkah,Sports,Cycling Helmet,5,222.07,1110.35,416.91,Online
10286,2025-03-23,Makkah,Home & Kitchen,Vacuum Cleaner,1,665.96,$665.96,250.9,Wholesale
12267,2026-02-11,Madinah,Sports,Yoga Mat,5,82.41,412.05,SAR 185.14,Online
10232,2025-03-13,Dammam,Electronics,Power Bank,,92.44,277.32,119.96,Online
10677,2025-05-26,Madinah,Sports,Yoga Mat,6,96.3,577.8,179.34,Retail
12713,2026-04-28,Riyadh,clothing,Leather Belt,5,97.64,488.2,155.02,Online
10972,2025-07-11,Makkah,Sports,Cycling Helmet,3,199.95,599.85,193.75,Wholesale
10397,2025-04-09,Dammam,Beauty,Face Serum,1,119.28,$119.28,SAR 49.17,Online
10834,2025-06-19,Makkah,Home & Kitchen,Non-stick Pan Set,5,259.87,1299.35,458.37,Online
10394,2025-04-09,Madinah,Sports,Sports Bottle,5,35.46,$177.30,50.6,Online
11839,2025-12-05,Riyadh,Clothing,Running Shoes,3,330.45,$991.35,299.81,Online
13220,2026-07-25,Riyadh,Beauty,Face Serum,3,140.31,$420.93,151.56,Wholesale
11701,2025-11-14,Makkah,Beauty,Face Serum,1,135.83,135.83,SAR 58.48,Online
11213,2025-08-22,Madinah,Clothing,Denim Jacket,5,263.72,1318.6,422.63,Online
10357,2025-04-04,Makkah,Beauty,Hair Dryer,6,174.7,1048.2,441.53,Online
12080,2026-01-11,  JEDDAH  ,clothing,Denim Jacket,4,264.43,1057.72,SAR 437.14,Retail
11683,2025-11-12,Dammam,Electronics,Power Bank,5,95.4,477.0,205.35,Retail
10098,2025-02-18,Jeddah,Beauty,Hair Dryer,6,163.84,983.04,333.67,Online
12707,2026-04-28,  MAKKAH  ,Clothing,Denim Jacket,5,270.59,"$1,352.95",559.59,Wholesale
10796,2025-06-14,Riyadh,Clothing,Leather Belt,1,104.79,104.79,35.89,Retail
10153,2025-02-28,  MADINAH  ,home & kitchen,Non-stick Pan Set,6,220.42,"$1,322.52",405.09,Retail
11719,2025-11-17,Madinah,Beauty,Hair Dryer,3,171.85,515.55,222.88,Wholesale
12118,2026-01-18,  RIYADH  ,Home & Kitchen,Non-stick Pan Set,2,226.24,452.48,162.25,Online
12575,2026-04-02,Makkah,Electronics,Power Bank,2,96.77,193.54,76.91,Online
11663,2025-11-08,  MAKKAH  ,Beauty,Skincare Set,3,,755.31,215.41,Wholesale
13190,2026-07-20,Dammam,Sports,Resistance Bands,6,63.06,$378.36,134.62,Retail
11526,2025-10-16,  DAMMAM  ,Clothing,Running Shoes,4,279.87,1119.48,341.37,Wholesale
10187,2025-03-06,Riyadh,Home & Kitchen,Coffee Maker,,255.28,1276.4,366.8,Online
11309,2025-09-09,Riyadh,Home & Kitchen,Vacuum Cleaner,4,634.79,2539.16,1011.12,Retail
12659,2026-04-18,Makkah,Home & Kitchen,Vacuum Cleaner,3,686.33,2058.99,613.91,Wholesale
12869,2026-05-24,Makkah,Home & Kitchen,Coffee Maker,2,260.93,521.86,151.18,Wholesale
12554,2026-03-30,Riyadh,Home & Kitchen,Coffee Maker,4,316.36,1265.44,477.23,
12967,2026-06-10,Madinah,electronics,Laptop Stand,6,70.6,423.6,SAR 119.59,Online
11317,2025-09-10,Madinah,Clothing,Leather Belt,3,111.63,334.89,100.64,Wholesale
12795,2026-05-12,Riyadh,sports,Cycling Helmet,3,195.4,$586.20,204.05,
12611,2026-04-10,  RIYADH  ,Sports,Dumbbell Set,5,266.53,"$1,332.65",527.55,Retail
12879,2026-05-25,Riyadh,Beauty,Skincare Set,3,233.5,700.5,307.38,Wholesale
11718,2025-11-17,  RIYADH  ,Home & Kitchen,Air Fryer,4,366.29,1465.16,506.78,Retail
10640,2025-05-19,Makkah,Electronics,Smart Watch,1,404.91,404.91,SAR 159.38,Retail
12627,2026-04-12,Makkah,beauty,Hair Dryer,5,173.67,868.35,293.81,Retail
12988,2026-06-14,Riyadh,Sports,Resistance Bands,3,,166.23,64.55,Online
12202,2026-02-02,Dammam,Home & Kitchen,Coffee Maker,1,285.79,285.79,120.91,Online
11537,2025-10-19,Madinah,Electronics,Power Bank,4,87.07,348.28,118.72,Wholesale
12616,2026-04-11,Jeddah,Clothing,Running Shoes,3,319.47,958.41,417.24,Wholesale
10791,2025-06-13,Makkah,Home & Kitchen,Coffee Maker,2,269.58,539.16,161.08,Retail
12906,2026-05-29,Dammam,Electronics,Wireless Earbuds,2,166.13,332.26,106.61,Online
10040,2025-02-07,Madinah,Sports,Dumbbell Set,1,283.91,283.91,123.89,Retail
10427,2025-04-14,Makkah,Beauty,Hair Dryer,5,168.24,841.2,288.76,Wholesale
11748,2025-11-22,Madinah,Sports,Resistance Bands,1,59.6,59.6,SAR 24.21,Wholesale
10189,2025-03-06,Riyadh,Home & Kitchen,Vacuum Cleaner,3,591.76,1775.28,SAR 624.46,Retail
10754,2025-06-07,Jeddah,Electronics,Smart Watch,1,408.33,408.33,160.01,Wholesale
10966,2025-07-10,Dammam,Home & Kitchen,Non-stick Pan Set,1,238.03,238.03,99.35,Online
11784,2025-11-27,  JEDDAH  ,Electronics,Laptop Stand,1,78.66,78.66,28.18,Retail
12245,2026-02-08,Madinah,Home & Kitchen,Coffee Maker,5,252.76,"$1,263.80",566.05,Retail
12736,2026-05-03,  MAKKAH  ,Beauty,Perfume,2,,641.98,225.03,Online
10200,2025-03-08,Dammam,Electronics,Smart Watch,4,457.3,1829.2,806.1,Retail
10456,2025-04-18,Dammam,Sports,Cycling Helmet,6,192.0,1152.0,445.57,Online
10259,2025-03-18,Dammam,Beauty,Skincare Set,1,,272.28,SAR 91.09,Wholesale
12060,2026-01-08,Madinah,Beauty,Hair Dryer,5,160.34,$801.70,324.55,Online
10240,2025-03-15,  RIYADH  ,Clothing,Wool Scarf,6,86.78,520.68,193.84,Retail
12265,2026-02-11,Madinah,Clothing,Leather Belt,3,102.47,$307.41,94.85,Retail
10799,2025-06-14,Madinah,Sports,Cycling Helmet,1,190.15,190.15,76.2,Wholesale
10897,2025-06-29,Jeddah,Home & Kitchen,Non-stick Pan Set,1,240.35,240.35,SAR 80.15,Online
10956,2025-07-07,Jeddah,Electronics,Bluetooth Speaker,1,201.8,201.8,84.95,Online
10295,2025-03-25,Madinah,home & kitchen,Air Fryer,,355.51,1777.55,507.66,Online
11539,2025-10-20,  DAMMAM  ,Sports,Resistance Bands,1,,56.63,23.92,Retail
10043,2025-02-08,Madinah,home & kitchen,Blender,2,212.42,424.84,168.49,Wholesale
10608,2025-05-14,Madinah,Electronics,Power Bank,4,94.75,$379.00,SAR 108.94,Retail
10566,2025-05-06,Jeddah,Beauty,Face Serum,2,135.92,$271.84,93.05,Wholesale
13010,2026-06-18,Makkah,Home & Kitchen,Coffee Maker,2,265.73,531.46,151.53,Retail
10108,2025-02-20,Jeddah,Clothing,Wool Scarf,3,85.41,256.23,72.76,Online
10099,2025-02-18,  MADINAH  ,Beauty,Perfume,4,386.15,1544.6,539.5,Wholesale
11096,2025-08-02,Madinah,Sports,Cycling Helmet,3,203.8,611.4,265.75,Online
12963,2026-06-09,Dammam,Sports,Dumbbell Set,6,238.09,1428.54,541.61,Retail
12853,2026-05-22,Makkah,Home & Kitchen,Blender,1,214.37,214.37,70.81,Retail
10734,2025-06-03,Madinah,Beauty,Makeup Kit,4,239.86,$959.44,278.63,Online
13250,2026-07-30,  RIYADH  ,Home & Kitchen,Blender,6,192.56,1155.36,497.12,
12066,2026-01-09,Riyadh,clothing,Leather Belt,,89.7,179.4,51.88,Retail
10219,2025-03-11,Dammam,Sports,Yoga Mat,6,94.5,567.0,248.8,Retail
10731,2025-06-03,Makkah,Sports,Resistance Bands,4,62.42,249.68,106.21,Retail
11181,2025-08-16,  RIYADH  ,Clothing,Running Shoes,2,323.54,647.08,213.29,Online
11038,2025-07-23,Madinah,Sports,Cycling Helmet,6,206.52,1239.12,398.29,Retail
11010,2025-07-19,Riyadh,Electronics,Power Bank,4,97.2,388.8,112.31,Wholesale
12780,2026-05-10,Dammam,Electronics,Smart Watch,3,449.52,1348.56,543.02,Wholesale
12847,2026-05-21,Madinah,sports,Yoga Mat,4,86.25,345.0,109.32,Online
12518,2026-03-25,  MADINAH  ,Beauty,Face Serum,,139.14,$695.70,SAR 239.14,Retail
10185,2025-03-05,  MAKKAH  ,Beauty,Perfume,6,322.4,1934.4,730.14,Online
10175,2025-03-04,  DAMMAM  ,Clothing,Denim Jacket,5,239.7,1198.5,SAR 503.77,Online
12404,2026-03-06,Dammam,Beauty,Hair Dryer,3,172.72,518.16,170.86,Online
11107,2025-08-05,Jeddah,home & kitchen,Vacuum Cleaner,1,591.79,$591.79,205.73,Online
12841,2026-05-19,Jeddah,Clothing,Leather Belt,5,111.97,559.85,184.2,Online
10294,2025-03-25,Madinah,Home & Kitchen,Non-stick Pan Set,1,227.19,227.19,76.21,Wholesale
10729,2025-06-03,Jeddah,Sports,Cycling Helmet,6,211.39,1268.34,533.12,Wholesale
10158,2025-03-01,  JEDDAH  ,Electronics,Wireless Earbuds,3,163.48,490.44,SAR 217.92,Wholesale
12417,2026-03-08,Makkah,Clothing,Wool Scarf,1,79.59,79.59,22.84,Wholesale
11288,2025-09-06,Dammam,Beauty,Skincare Set,4,244.69,978.76,321.89,Online
11194,2025-08-18,Jeddah,sports,Cycling Helmet,3,189.73,$569.19,206.62,Wholesale
12048,2026-01-06,Jeddah,Clothing,Wool Scarf,2,86.2,172.4,53.93,Retail
12000,2025-12-29,Makkah,electronics,Power Bank,5,86.64,433.2,149.01,Wholesale
12414,2026-03-08,  MAKKAH  ,Beauty,Skincare Set,5,248.05,1240.25,491.66,Online
10077,2025-02-14,  MADINAH  ,Sports,Sports Bottle,5,39.45,197.25,83.43,Wholesale
10362,2025-04-04,Riyadh,Sports,Resistance Bands,5,67.52,337.6,150.94,Online
10738,2025-06-04,Riyadh,Home & Kitchen,Vacuum Cleaner,2,551.73,1103.46,321.8,Wholesale
12463,2026-03-15,Jeddah,Beauty,Perfume,3,352.27,"$1,056.81",430.27,Wholesale
12187,2026-01-31,  MAKKAH  ,Home & Kitchen,Vacuum Cleaner,1,605.37,605.37,220.18,Retail
10596,2025-05-12,  MAKKAH  ,Clothing,Leather Belt,5,90.45,452.25,154.05,Retail
11835,2025-12-04,Jeddah,Clothing,Leather Belt,6,109.63,$657.78,294.9,Wholesale
12367,2026-02-28,Jeddah,Electronics,Smart Watch,6,430.03,"$2,580.18",1042.82,Retail
11823,2025-12-03,,electronics,Smart Watch,4,420.59,1682.36,621.64,Online
12605,2026-04-08,Makkah,Home & Kitchen,Blender,1,190.87,190.87,SAR 79.24,Wholesale
10367,2025-04-05,Riyadh,clothing,Cotton T-Shirt,4,65.57,262.28,89.27,Wholesale
12025,2026-01-02,Riyadh,Home & Kitchen,Non-stick Pan Set,4,,1030.4,SAR 418.69,Wholesale
11670,2025-11-09,Jeddah,Beauty,Perfume,4,398.46,1593.84,690.64,Wholesale
12912,2026-05-30,Makkah,Home & Kitchen,Vacuum Cleaner,2,684.33,1368.66,SAR 436.07,Retail
12007,2025-12-30,  DAMMAM  ,Electronics,Smart Watch,4,371.38,1485.52,429.07,Retail
11739,2025-11-20,Dammam,Sports,Dumbbell Set,1,245.32,245.32,75.81,Wholesale
10622,2025-05-17,  DAMMAM  ,Electronics,Power Bank,4,89.37,357.48,112.97,Online
13157,2026-07-15,Dammam,Electronics,Power Bank,5,93.87,469.35,172.55,Online
10103,2025-02-19,Madinah,Clothing,Cotton T-Shirt,2,63.72,127.44,46.76,Retail
10160,2025-03-01,Madinah,Home & Kitchen,Vacuum Cleaner,5,675.89,"$3,379.45",1043.64,Wholesale
11230,2025-08-25,Jeddah,Home & Kitchen,Vacuum Cleaner,4,605.89,"$2,423.56",741.93,Online
10885,2025-06-27,Madinah,Beauty,Skincare Set,3,253.33,759.99,236.38,Online
11997,2025-12-29,Madinah,Clothing,Leather Belt,1,103.3,103.3,38.26,Online
11106,2025-08-05,Makkah,Beauty,Makeup Kit,6,220.22,1321.32,388.27,Retail
13248,2026-07-29,Madinah,Sports,Yoga Mat,2,91.01,182.02,75.29,Wholesale
12685,2026-04-23,Madinah,clothing,Running Shoes,,339.34,1696.7,686.57,Retail
11016,2025-07-20,Riyadh,Electronics,Laptop Stand,4,73.78,295.12,84.76,Online
10750,2025-06-06,Dammam,Home & Kitchen,Vacuum Cleaner,3,600.93,1802.79,549.69,Retail
10343,2025-04-02,Makkah,Sports,Resistance Bands,6,59.24,355.44,150.93,Wholesale
12838,2026-05-19,Dammam,Clothing,Denim Jacket,5,264.48,1322.4,461.91,Retail
10278,2025-03-22,Makkah,Electronics,Wireless Earbuds,2,150.48,300.96,110.66,Retail
10244,2025-03-16,Madinah,electronics,Power Bank,4,81.07,324.28,SAR 124.60,Wholesale
12742,2026-05-04,  MADINAH  ,Electronics,Bluetooth Speaker,2,212.32,$424.64,140.0,Wholesale
13073,2026-06-29,Dammam,Clothing,Running Shoes,1,280.7,280.7,100.71,Wholesale
12872,2026-05-24,Dammam,Beauty,Face Serum,3,130.13,390.39,142.11,Retail
11174,2025-08-14,Makkah,Clothing,Denim Jacket,2,233.83,467.66,171.32,Wholesale
12277,2026-02-13,Dammam,Home & Kitchen,Air Fryer,3,375.23,1125.69,341.76,Wholesale
11030,2025-07-21,Makkah,Electronics,Bluetooth Speaker,5,215.56,1077.8,481.8,Wholesale
10984,2025-07-14,Makkah,Beauty,Hair Dryer,1,165.3,$165.30,74.04,Online
10522,2025-04-29,Madinah,Electronics,Smart Watch,6,425.68,2554.08,1112.12,Wholesale
12831,2026-05-18,  DAMMAM  ,Electronics,Power Bank,5,93.88,469.4,175.29,Online
13176,2026-07-18,Riyadh,Electronics,Smart Watch,4,396.24,"$1,584.96",527.87,Retail
13131,2026-07-11,  JEDDAH  ,sports,Dumbbell Set,1,269.88,269.88,120.53,Retail
12673,2026-04-21,Makkah,Electronics,Wireless Earbuds,5,143.22,716.1,290.3,Retail
11362,2025-09-20,  RIYADH  ,Beauty,Skincare Set,2,245.68,491.36,184.67,Wholesale
13206,2026-07-22,Riyadh,sports,Cycling Helmet,1,196.82,$196.82,65.63,Retail
11343,2025-09-16,Madinah,clothing,Leather Belt,5,106.54,532.7,238.51,Retail
11817,2025-12-02,Madinah,Beauty,Perfume,3,351.58,1054.74,SAR 434.78,Wholesale
12370,2026-02-28,  MADINAH  ,Electronics,Power Bank,4,89.74,358.96,130.17,Online
10008,2025-02-01,Madinah,Home & Kitchen,Vacuum Cleaner,2,644.61,1289.22,570.11,Retail
10466,2025-04-20,  MADINAH  ,Home & Kitchen,Vacuum Cleaner,2,608.57,1217.14,425.28,Wholesale
11327,2025-09-12,  DAMMAM  ,Beauty,Perfume,4,320.05,1280.2,SAR 456.73,Retail
10601,2025-05-12,Makkah,Electronics,Laptop Stand,5,,310.5,134.93,Online
10274,2025-03-21,Madinah,Sports,Dumbbell Set,2,265.11,530.22,173.64,Online
10454,2025-04-18,Riyadh,Beauty,Face Serum,4,135.85,543.4,239.45,Online
12323,2026-02-20,  MAKKAH  ,Beauty,Skincare Set,5,286.27,1431.35,519.74,Wholesale
10771,2025-06-11,Jeddah,Electronics,Laptop Stand,3,75.49,226.47,92.72,Online
12991,2026-06-15,Riyadh,Sports,Sports Bottle,3,43.63,130.89,SAR 40.65,Retail
10461,2025-04-19,Riyadh,Beauty,Makeup Kit,4,247.48,$989.92,SAR 415.35,Retail
10942,2025-07-05,Riyadh,Sports,Resistance Bands,4,53.38,213.52,SAR 78.02,Online
11563,2025-10-24,Makkah,Clothing,Denim Jacket,3,259.47,$778.41,219.57,Wholesale
12802,2026-05-14,Madinah,Electronics,Power Bank,2,85.5,171.0,54.21,Wholesale
11395,2025-09-27,  MAKKAH  ,Sports,Sports Bottle,2,37.28,74.56,32.09,Retail
10166,2025-03-02,Dammam,Beauty,Face Serum,2,117.56,235.12,104.32,Wholesale
13256,2026-07-30,  RIYADH  ,Beauty,Makeup Kit,2,198.26,396.52,113.19,Online
11256,2025-08-30,Riyadh,Electronics,Power Bank,4,98.08,392.32,137.03,Online
11958,2025-12-22,Riyadh,Clothing,Running Shoes,4,303.43,1213.72,357.85,Retail
10066,2025-02-12,Dammam,Electronics,Bluetooth Speaker,5,194.49,972.45,SAR 370.09,Wholesale
13028,2026-06-22,Makkah,clothing,Cotton T-Shirt,,59.39,118.78,35.42,Retail
13038,2026-06-24,Makkah,Home & Kitchen,Vacuum Cleaner,4,627.91,"$2,511.64",735.98,Retail
13149,2026-07-14,Makkah,electronics,Power Bank,5,95.56,477.8,SAR 186.39,Online
12787,2026-05-11,Jeddah,Beauty,Perfume,3,361.73,1085.19,SAR 374.61,Online
11696,2025-11-14,Dammam,Beauty,Face Serum,6,131.7,$790.20,226.29,Online
12675,2026-04-21,Makkah,sports,Yoga Mat,6,90.25,541.5,171.23,Wholesale
11588,2025-10-27,Madinah,Beauty,Hair Dryer,5,168.72,843.6,SAR 260.80,Online
13178,2026-07-18,Madinah,Electronics,Power Bank,4,86.2,344.8,135.06,
10304,2025-03-27,Madinah,Home & Kitchen,Blender,1,207.63,207.63,74.26,Wholesale
10597,2025-05-12,Madinah,Beauty,Perfume,2,320.63,641.26,234.97,Retail
12263,2026-02-10,Makkah,Home & Kitchen,Non-stick Pan Set,1,240.57,240.57,72.07,Wholesale
13216,2026-07-24,Madinah,Home & Kitchen,Non-stick Pan Set,3,242.46,727.38,256.71,Online
11383,2025-09-24,,Electronics,Laptop Stand,3,,$235.53,75.9,Retail
11158,2025-08-12,Makkah,Beauty,Perfume,6,,2390.22,831.03,Wholesale
12772,2026-05-08,Madinah,Clothing,Wool Scarf,3,81.82,245.46,105.24,Online
10104,2025-02-19,Makkah,Beauty,Perfume,1,322.22,322.22,132.86,Online
11807,2025-11-30,Riyadh,beauty,Face Serum,6,126.85,761.1,296.86,Online
12555,2026-03-30,Riyadh,Sports,Yoga Mat,1,96.71,96.71,36.51,Retail
11281,2025-09-04,Riyadh,home & kitchen,Coffee Maker,3,282.92,848.76,SAR 328.61,Wholesale
12492,2026-03-20,Makkah,electronics,Wireless Earbuds,2,141.99,283.98,SAR 120.37,Retail
13189,2026-07-20,Jeddah,Beauty,Makeup Kit,,232.28,1161.4,SAR 378.20,Online
12431,2026-03-10,Makkah,electronics,Laptop Stand,4,65.76,263.04,109.87,Online
11575,2025-10-26,  MADINAH  ,Electronics,Bluetooth Speaker,3,179.91,$539.73,160.61,Online
10203,2025-03-08,Dammam,Electronics,Power Bank,,81.04,486.24,SAR 217.26,
11459,2025-10-06,Madinah,Sports,Dumbbell Set,4,,927.24,340.43,Retail
12612,2026-04-10,Dammam,Clothing,Leather Belt,4,112.85,451.4,201.37,Online
11387,2025-09-25,Dammam,beauty,Perfume,6,388.88,"$2,333.28",SAR 690.92,Online
11821,2025-12-02,Makkah,home & kitchen,Non-stick Pan Set,5,212.34,1061.7,421.7,
10582,2025-05-10,Riyadh,Electronics,Wireless Earbuds,1,165.21,165.21,55.55,Retail
12183,2026-01-31,Dammam,Electronics,Laptop Stand,1,63.07,63.07,26.89,Online
10401,2025-04-10,Dammam,Beauty,Hair Dryer,5,162.3,811.5,299.49,Wholesale
10633,2025-05-18,Madinah,Electronics,Wireless Earbuds,6,146.99,881.94,360.84,Online
11661,2025-11-07,  DAMMAM  ,Home & Kitchen,Blender,4,208.41,$833.64,241.18,Wholesale
10386,2025-04-08,Dammam,Sports,Sports Bottle,3,39.39,118.17,SAR 44.53,Online
12225,2026-02-05,Dammam,Clothing,Running Shoes,6,297.13,1782.78,SAR 794.53,Wholesale
12493,2026-03-20,Makkah,Clothing,Denim Jacket,3,268.53,805.59,264.77,Online
11344,2025-09-16,  MADINAH  ,electronics,Bluetooth Speaker,2,215.81,$431.62,138.67,Online
11527,2025-10-17,Jeddah,Clothing,Cotton T-Shirt,6,55.13,330.78,94.75,Online
11205,2025-08-21,Jeddah,Clothing,Leather Belt,2,101.1,$202.20,75.26,Online
13186,2026-07-19,Dammam,Home & Kitchen,Blender,2,184.16,$368.32,121.82,Online
10411,2025-04-11,Jeddah,Home & Kitchen,Air Fryer,2,346.67,693.34,295.34,Wholesale
10389,2025-04-08,  MADINAH  ,Clothing,Running Shoes,4,,1160.2,367.09,Wholesale
10523,2025-04-29,Madinah,Beauty,Skincare Set,2,268.95,537.9,165.17,Online
12009,2025-12-31,Makkah,Sports,Yoga Mat,1,101.67,101.67,SAR 36.99,Online
13061,2026-06-27,Jeddah,Home & Kitchen,Air Fryer,2,382.05,764.1,317.34,Wholesale
11316,2025-09-10,Makkah,Home & Kitchen,Coffee Maker,1,320.23,$320.23,119.84,Wholesale
11598,2025-10-28,Jeddah,Beauty,Face Serum,4,141.75,567.0,215.27,Wholesale
13106,2026-07-07,Jeddah,Beauty,Perfume,3,368.54,1105.62,327.66,Wholesale
12890,2026-05-27,Riyadh,Electronics,Bluetooth Speaker,3,181.36,544.08,212.3,Online
12452,2026-03-13,Madinah,Clothing,Wool Scarf,1,84.56,$84.56,25.47,Online
11962,2025-12-23,Jeddah,Clothing,Denim Jacket,6,268.76,1612.56,SAR 677.01,Online
11456,2025-10-05,Madinah,Electronics,Power Bank,5,98.98,$494.90,SAR 217.87,Retail
11676,2025-11-10,Riyadh,Sports,Yoga Mat,4,82.07,328.28,139.88,Wholesale
11018,2025-07-20,Dammam,Beauty,Hair Dryer,,177.04,1062.24,411.26,Wholesale
10246,2025-03-16,Riyadh,Sports,Resistance Bands,2,53.75,$107.50,38.4,Online
11150,2025-08-10,Dammam,Clothing,Denim Jacket,,280.31,1681.86,516.23,Online
10372,2025-04-06,Madinah,Home & Kitchen,Non-stick Pan Set,6,214.11,1284.66,362.22,Online
10554,2025-05-04,Makkah,Home & Kitchen,Coffee Maker,6,252.88,1517.28,554.48,Wholesale
12593,2026-04-06,Dammam,Beauty,Hair Dryer,1,171.49,171.49,64.08,Retail
11233,2025-08-26,Dammam,Clothing,Cotton T-Shirt,1,66.87,66.87,24.61,Online
11637,2025-11-03,Madinah,Sports,Dumbbell Set,4,235.8,943.2,379.89,Retail
13101,2026-07-07,Dammam,Sports,Sports Bottle,2,43.96,87.92,28.5,Retail
12928,2026-06-02,Dammam,Clothing,Cotton T-Shirt,6,64.37,$386.22,138.28,Wholesale
11837,2025-12-04,Jeddah,clothing,Cotton T-Shirt,5,59.86,299.3,SAR 129.87,Online
10192,2025-03-07,Madinah,Sports,Yoga Mat,5,100.77,503.85,155.69,Wholesale
13200,2026-07-21,Madinah,Clothing,Wool Scarf,1,88.36,88.36,SAR 38.73,Retail
11455,2025-10-05,Riyadh,Sports,Sports Bottle,2,,88.2,25.76,Online
13031,2026-06-22,Makkah,home & kitchen,Coffee Maker,6,316.38,"$1,898.28",550.65,Online
11185,2025-08-17,Jeddah,Clothing,Leather Belt,4,108.58,$434.32,185.26,Wholesale
13067,2026-06-28,  JEDDAH  ,clothing,Cotton T-Shirt,2,,$111.94,41.67,Retail
11446,2025-10-04,Riyadh,Electronics,Smart Watch,,375.57,375.57,165.34,Online
12152,2026-01-25,Madinah,Home & Kitchen,Non-stick Pan Set,5,255.47,1277.35,402.81,Wholesale
11040,2025-07-23,Dammam,Home & Kitchen,Blender,2,219.75,$439.50,131.3,Online
11568,2025-10-24,Jeddah,Clothing,Running Shoes,4,305.1,1220.4,438.08,Retail
10710,2025-05-31,  JEDDAH  ,Home & Kitchen,Air Fryer,,372.88,1491.52,SAR 462.99,Retail
12886,2026-05-26,Jeddah,Clothing,Leather Belt,5,100.69,503.45,175.79,Online
11868,2025-12-09,Dammam,Clothing,Denim Jacket,3,227.42,682.26,225.14,Retail
10125,2025-02-24,Madinah,Electronics,Bluetooth Speaker,5,,905.5,291.06,Wholesale
13068,2026-06-28,Dammam,Beauty,Hair Dryer,6,147.38,884.28,352.64,Online
12833,2026-05-18,Makkah,Sports,Cycling Helmet,6,191.81,1150.86,SAR 412.46,Wholesale
13242,2026-07-29,  RIYADH  ,Clothing,Leather Belt,2,100.77,$201.54,84.47,Retail
10757,2025-06-08,  MAKKAH  ,electronics,Wireless Earbuds,6,143.37,$860.22,274.32,Wholesale
12628,2026-04-12,Madinah,Beauty,Makeup Kit,4,239.82,$959.28,274.55,Retail
12083,2026-01-12,Madinah,Beauty,Makeup Kit,6,240.72,1444.32,560.58,Wholesale
11639,2025-11-04,Jeddah,Electronics,Power Bank,2,86.04,172.08,63.5,Online
12935,2026-06-03,  DAMMAM  ,beauty,Perfume,1,374.73,374.73,160.6,Wholesale
12977,2026-06-12,Makkah,Electronics,Power Bank,2,100.26,200.52,85.92,Retail
11081,2025-07-31,Makkah,Clothing,Leather Belt,6,112.81,676.86,222.0,Online
11455,2025-10-05,Riyadh,Sports,Sports Bottle,2,,88.2,25.76,Online
12332,2026-02-22,Makkah,Clothing,Denim Jacket,4,262.05,1048.2,312.76,Retail
12543,2026-03-29,Madinah,Sports,Yoga Mat,1,100.38,100.38,SAR 41.61,Retail
10851,2025-06-22,Riyadh,Sports,Cycling Helmet,3,195.57,$586.71,255.27,Retail
12294,2026-02-16,Makkah,beauty,Skincare Set,2,291.8,583.6,175.76,Retail
11844,2025-12-06,Makkah,Clothing,Denim Jacket,,,$272.86,76.91,Retail
11609,2025-10-30,Makkah,Beauty,Perfume,4,366.13,1464.52,591.4,Wholesale
13230,2026-07-27,Riyadh,Electronics,Laptop Stand,,75.68,$151.36,66.06,Retail
11119,2025-08-06,  DAMMAM  ,Beauty,Perfume,2,351.73,703.46,291.85,Retail
11398,2025-09-27,Dammam,Electronics,Laptop Stand,5,65.38,326.9,125.53,Wholesale
13127,2026-07-11,  RIYADH  ,electronics,Bluetooth Speaker,2,209.53,419.06,SAR 150.68,
10749,2025-06-06,Dammam,Electronics,Power Bank,6,85.43,512.58,164.04,Online
10943,2025-07-05,  RIYADH  ,Electronics,Power Bank,3,83.47,250.41,98.64,Wholesale
11312,2025-09-09,Madinah,Electronics,Power Bank,,88.3,88.3,39.57,Wholesale
10388,2025-04-08,Dammam,Clothing,Wool Scarf,3,76.86,230.58,76.52,Wholesale
11085,2025-08-01,Madinah,Clothing,Cotton T-Shirt,6,63.47,380.82,115.52,Online
10700,2025-05-30,Jeddah,Sports,Dumbbell Set,6,226.34,1358.04,555.88,Retail
12387,2026-03-04,  MADINAH  ,Clothing,Running Shoes,2,313.8,$627.60,219.1,Retail
12855,2026-05-22,Dammam,Sports,Sports Bottle,1,40.2,$40.20,17.99,Online
10199,2025-03-07,Dammam,Beauty,Face Serum,3,137.97,413.91,144.52,Online
10327,2025-03-31,Makkah,Electronics,Laptop Stand,4,76.05,304.2,SAR 113.44,Online
12132,2026-01-22,Riyadh,Beauty,Perfume,1,323.82,323.82,143.63,Wholesale
10464,2025-04-20,Jeddah,Sports,Yoga Mat,4,81.63,326.52,SAR 121.12,Wholesale
12057,2026-01-08,  DAMMAM  ,clothing,Wool Scarf,6,90.12,540.72,204.56,Online
10934,2025-07-04,Dammam,home & kitchen,Coffee Maker,1,252.75,252.75,109.79,Online
12020,2026-01-01,Dammam,Beauty,Makeup Kit,3,231.15,693.45,308.7,Retail
12677,2026-04-22,  MAKKAH  ,Clothing,Wool Scarf,2,88.14,$176.28,51.09,
11138,2025-08-09,Madinah,Electronics,Bluetooth Speaker,2,180.54,$361.08,134.24,Online
13135,2026-07-12,Riyadh,Home & Kitchen,Coffee Maker,3,268.14,804.42,289.58,Retail
11360,2025-09-20,  DAMMAM  ,Beauty,Perfume,4,,"$1,584.56",451.63,Wholesale
11141,2025-08-09,Jeddah,Clothing,Cotton T-Shirt,6,57.27,343.62,108.0,Online
11238,2025-08-27,Jeddah,Beauty,Skincare Set,3,234.13,$702.39,SAR 233.46,Online
12657,2026-04-17,Madinah,Beauty,Perfume,1,397.47,397.47,120.48,Online
10481,2025-04-22,Riyadh,Clothing,Denim Jacket,2,275.37,$550.74,212.98,
10331,2025-03-31,  MAKKAH  ,Electronics,Bluetooth Speaker,4,188.05,752.2,321.17,Online
12792,2026-05-12,Makkah,Electronics,Bluetooth Speaker,1,182.6,182.6,79.73,Online
12821,2026-05-17,Makkah,Sports,Yoga Mat,4,89.85,359.4,114.47,
11893,2025-12-12,Jeddah,Clothing,Wool Scarf,2,71.97,$143.94,57.38,Retail
12558,2026-03-31,  JEDDAH  ,Electronics,Smart Watch,,448.62,1345.86,524.23,
11382,2025-09-23,Dammam,electronics,Wireless Earbuds,4,166.53,666.12,254.25,Retail
12629,2026-04-12,Makkah,Beauty,Skincare Set,5,264.99,1324.95,474.15,Online
12120,2026-01-19,Riyadh,Beauty,Hair Dryer,2,171.42,342.84,150.03,Retail
11686,2025-11-12,Makkah,Clothing,Denim Jacket,5,240.3,1201.5,415.52,Wholesale
10444,2025-04-17,  RIYADH  ,Clothing,Leather Belt,5,103.95,519.75,180.2,Online
12159,2026-01-26,Riyadh,Electronics,Wireless Earbuds,1,134.9,134.9,39.6,Retail
12636,2026-04-14,Dammam,Clothing,Leather Belt,4,100.5,$402.00,153.97,Retail
12392,2026-03-05,Jeddah,Beauty,Perfume,1,337.42,337.42,SAR 135.12,Online
12138,2026-01-22,Makkah,Electronics,Power Bank,1,98.87,98.87,34.38,Wholesale
12957,2026-06-07,Madinah,Sports,Dumbbell Set,1,282.87,282.87,125.89,Retail
10610,2025-05-14,Makkah,sports,Dumbbell Set,6,260.12,1560.72,508.51,Retail
10911,2025-07-01,Jeddah,sports,Resistance Bands,4,66.77,267.08,94.02,Retail
10090,2025-02-17,Jeddah,Electronics,Wireless Earbuds,1,169.47,169.47,70.52,Retail
10300,2025-03-26,  JEDDAH  ,Sports,Dumbbell Set,5,244.33,1221.65,412.21,
11872,2025-12-09,  JEDDAH  ,Electronics,Laptop Stand,4,64.79,259.16,91.57,Online
10933,2025-07-04,Riyadh,Beauty,Face Serum,5,119.45,597.25,SAR 223.48,
11753,2025-11-22,  RIYADH  ,sports,Dumbbell Set,3,230.9,692.7,252.02,Retail
11772,2025-11-25,Madinah,Beauty,Perfume,3,325.22,975.66,323.45,Retail
10471,2025-04-21,Makkah,Home & Kitchen,Non-stick Pan Set,6,210.96,1265.76,549.03,Retail
10370,2025-04-05,Madinah,Sports,Yoga Mat,2,100.77,201.54,79.92,Retail
10282,2025-03-22,Madinah,Beauty,Hair Dryer,2,175.44,350.88,102.2,Online
10973,2025-07-11,Jeddah,Electronics,Bluetooth Speaker,2,183.98,$367.96,119.43,Retail
12661,2026-04-18,Madinah,Home & Kitchen,Coffee Maker,5,260.09,"$1,300.45",373.41,Retail
10382,2025-04-07,Madinah,Clothing,Leather Belt,5,93.3,$466.50,179.73,Retail
11945,2025-12-20,Riyadh,Clothing,Running Shoes,5,,1627.15,701.3,Retail
13044,2026-06-25,,Sports,Sports Bottle,6,35.18,211.08,SAR 81.78,Retail
12221,2026-02-05,Makkah,electronics,Bluetooth Speaker,4,217.7,870.8,244.86,Wholesale
10432,2025-04-15,Madinah,Beauty,Makeup Kit,,238.83,1432.98,633.65,Online
13161,2026-07-16,Makkah,Sports,Resistance Bands,2,58.98,117.96,41.42,Online
11935,2025-12-18,Riyadh,Home & Kitchen,Air Fryer,6,366.57,2199.42,694.4,Wholesale
11745,2025-11-21,Madinah,Electronics,Wireless Earbuds,3,155.27,465.81,184.2,Wholesale
10417,2025-04-12,Riyadh,Home & Kitchen,Coffee Maker,5,271.23,1356.15,430.27,Online
11468,2025-10-08,Dammam,Home & Kitchen,Non-stick Pan Set,,249.66,$249.66,101.83,Retail
12510,2026-03-23,Makkah,Electronics,Laptop Stand,6,67.1,$402.60,161.18,Retail
12494,2026-03-20,Madinah,Sports,Cycling Helmet,3,223.2,669.6,283.4,Online
11562,2025-10-24,Makkah,Clothing,Wool Scarf,1,76.6,76.6,33.97,Retail
11979,2025-12-26,Dammam,Beauty,Makeup Kit,4,227.94,911.76,SAR 292.07,Retail
10337,2025-04-01,Makkah,Sports,Yoga Mat,2,84.69,169.38,73.32,Retail
10237,2025-03-14,Riyadh,Home & Kitchen,Non-stick Pan Set,6,253.68,1522.08,488.58,Wholesale
10528,2025-04-30,Jeddah,Sports,Resistance Bands,3,66.53,$199.59,58.8,Retail
12131,2026-01-21,Riyadh,Beauty,Hair Dryer,1,165.15,165.15,60.34,Retail
10311,2025-03-28,Madinah,Clothing,Leather Belt,6,107.0,642.0,186.67,Retail
12568,2026-04-01,Makkah,sports,Cycling Helmet,4,222.36,889.44,300.94,Online
13081,2026-07-02,Dammam,Home & Kitchen,Coffee Maker,1,,256.56,76.05,Retail
12155,2026-01-25,Makkah,Sports,Sports Bottle,2,44.3,88.6,SAR 39.51,Retail
10250,2025-03-17,Jeddah,Home & Kitchen,Blender,1,222.17,222.17,SAR 87.44,Retail
11512,2025-10-15,Dammam,Home & Kitchen,Coffee Maker,6,277.94,1667.64,499.76,Retail
10904,2025-06-30,Riyadh,Home & Kitchen,Air Fryer,2,351.77,$703.54,246.01,Online
11943,2025-12-20,  MAKKAH  ,electronics,Bluetooth Speaker,4,220.31,$881.24,287.92,Retail
12541,2026-03-28,Riyadh,Beauty,Face Serum,,118.58,711.48,310.02,Online
12770,2026-05-08,Riyadh,Home & Kitchen,Non-stick Pan Set,5,223.98,1119.9,491.63,Retail
11959,2025-12-22,  MADINAH  ,Clothing,Denim Jacket,3,265.45,796.35,SAR 304.41,Retail
10991,2025-07-16,Dammam,Electronics,Wireless Earbuds,4,147.72,590.88,203.7,Wholesale
12165,2026-01-27,Jeddah,Beauty,Face Serum,1,120.47,120.47,46.41,Wholesale
10999,2025-07-17,Jeddah,Beauty,Hair Dryer,2,163.8,327.6,112.49,Wholesale
10440,2025-04-16,Makkah,Clothing,Denim Jacket,1,257.12,257.12,115.33,Online
11261,2025-08-31,Madinah,Beauty,Face Serum,1,137.95,137.95,48.96,Wholesale
10449,2025-04-18,  RIYADH  ,Electronics,Laptop Stand,1,62.34,62.34,25.77,Retail
12690,2026-04-25,Jeddah,Sports,Sports Bottle,5,43.98,219.9,72.09,Retail
10534,2025-05-01,Jeddah,Sports,Cycling Helmet,6,213.61,"$1,281.66",568.3,Wholesale
13229,2026-07-27,Makkah,Electronics,Bluetooth Speaker,2,185.4,370.8,141.99,Online
11023,2025-07-21,Makkah,Electronics,Wireless Earbuds,4,157.9,631.6,254.87,Retail
12999,2026-06-16,Makkah,Sports,Resistance Bands,3,63.56,190.68,69.01,Wholesale
11248,2025-08-29,Madinah,Sports,Dumbbell Set,1,,$260.71,84.26,Retail
11440,2025-10-03,  JEDDAH  ,Home & Kitchen,Non-stick Pan Set,2,225.86,451.72,146.35,Online
10895,2025-06-29,Jeddah,Clothing,Cotton T-Shirt,6,,400.98,141.3,Wholesale
12237,2026-02-07,Riyadh,Home & Kitchen,Air Fryer,5,391.02,1955.1,710.57,Retail
12595,2026-04-06,Makkah,Beauty,Perfume,1,399.78,399.78,141.47,Online
12754,2026-05-05,Madinah,Sports,Cycling Helmet,5,201.42,1007.1,428.1,Retail
11221,2025-08-24,Makkah,Electronics,Bluetooth Speaker,4,188.08,752.32,335.47,Online
10753,2025-06-07,Jeddah,Electronics,Bluetooth Speaker,3,185.32,555.96,208.75,Retail
12740,2026-05-03,Dammam,Electronics,Wireless Earbuds,6,158.5,$951.00,SAR 333.28,Online
10157,2025-03-01,Jeddah,Sports,Resistance Bands,6,64.24,$385.44,123.16,Online
10318,2025-03-29,Jeddah,Clothing,Wool Scarf,,89.58,$268.74,120.62,Wholesale
10602,2025-05-12,Madinah,Home & Kitchen,Vacuum Cleaner,5,570.08,2850.4,957.31,Wholesale
11143,2025-08-10,  MAKKAH  ,Electronics,Wireless Earbuds,2,140.17,280.34,89.0,Wholesale
11902,2025-12-14,Jeddah,Sports,Cycling Helmet,6,222.49,1334.94,502.03,Wholesale
10975,2025-07-12,Jeddah,Sports,Sports Bottle,2,38.88,$77.76,33.19,Online
12747,2026-05-04,Jeddah,Beauty,Makeup Kit,1,223.65,$223.65,78.93,Retail
10488,2025-04-24,Dammam,Beauty,Hair Dryer,4,151.03,$604.12,181.0,Online
10513,2025-04-27,Riyadh,Sports,Yoga Mat,3,93.32,279.96,96.78,Wholesale
10051,2025-02-09,Riyadh,Beauty,Makeup Kit,1,197.29,197.29,62.92,Online
12270,2026-02-12,Makkah,Electronics,Smart Watch,6,423.33,"$2,539.98",1075.76,Online
10470,2025-04-21,Jeddah,Home & Kitchen,Air Fryer,1,394.48,394.48,SAR 117.34,Online
12153,2026-01-25,Dammam,Clothing,Wool Scarf,2,80.39,160.78,57.51,Wholesale
12443,2026-03-12,Riyadh,Home & Kitchen,Blender,3,223.3,$669.90,280.66,Retail
11813,2025-12-01,Makkah,Clothing,Running Shoes,1,274.82,274.82,100.1,Online
12467,2026-03-15,Makkah,Clothing,Running Shoes,4,341.12,1364.48,551.47,Wholesale
11771,2025-11-25,Riyadh,Beauty,Face Serum,6,121.48,728.88,318.95,Online
11981,2025-12-27,Dammam,Electronics,Smart Watch,2,425.14,850.28,345.63,Wholesale
10777,2025-06-11,Madinah,Electronics,Wireless Earbuds,2,158.53,317.06,92.64,Retail
10611,2025-05-15,Makkah,Sports,Cycling Helmet,3,204.18,612.54,235.59,Online
10807,2025-06-16,Dammam,Clothing,Cotton T-Shirt,1,64.01,64.01,26.16,Online
11633,2025-11-02,  MADINAH  ,Clothing,Denim Jacket,6,228.96,1373.76,391.25,Retail
11365,2025-09-21,Riyadh,Clothing,Running Shoes,5,303.15,1515.75,SAR 506.59,Wholesale
11094,2025-08-02,Madinah,Home & Kitchen,Air Fryer,4,392.34,1569.36,527.02,Retail
13011,2026-06-18,Jeddah,Clothing,Denim Jacket,6,255.75,1534.5,524.94,Online
12748,2026-05-04,Jeddah,Clothing,Running Shoes,4,282.78,1131.12,SAR 367.29,Online
11048,2025-07-25,Jeddah,Sports,Cycling Helmet,1,184.03,184.03,64.73,Retail
13086,2026-07-03,Madinah,Beauty,Face Serum,4,136.81,547.24,181.98,Wholesale
11441,2025-10-03,Madinah,Sports,Sports Bottle,4,40.88,163.52,66.38,Online
10276,2025-03-21,Dammam,Clothing,Leather Belt,4,104.4,417.6,185.77,Online
10650,2025-05-21,Jeddah,Clothing,Denim Jacket,2,262.5,525.0,213.69,Retail
10328,2025-03-31,  MAKKAH  ,Beauty,Skincare Set,1,269.28,269.28,90.38,Wholesale
10652,2025-05-22,Riyadh,Home & Kitchen,Air Fryer,2,377.41,754.82,277.15,Wholesale
11514,2025-10-15,Riyadh,Sports,Resistance Bands,1,58.42,$58.42,17.11,Retail
10599,2025-05-12,Jeddah,Electronics,Power Bank,4,97.93,391.72,146.43,Wholesale
12697,2026-04-26,Riyadh,electronics,Smart Watch,1,386.84,386.84,154.21,Wholesale
10140,2025-02-26,Jeddah,Sports,Sports Bottle,,43.45,86.9,SAR 33.04,Wholesale
13074,2026-06-30,Jeddah,Clothing,Leather Belt,5,112.47,562.35,212.7,Wholesale
10634,2025-05-18,Madinah,Sports,Dumbbell Set,1,266.59,266.59,105.42,Retail
10994,2025-07-17,Jeddah,Clothing,Running Shoes,3,336.22,1008.66,367.55,Wholesale
10744,2025-06-05,Riyadh,Beauty,Makeup Kit,3,219.67,659.01,279.11,Retail
11641,2025-11-04,Jeddah,clothing,Wool Scarf,5,79.61,398.05,156.54,Wholesale
11421,2025-09-30,Makkah,Electronics,Laptop Stand,5,71.4,$357.00,110.96,Online
10862,2025-06-23,Madinah,Beauty,Perfume,1,343.22,343.22,121.75,Online
12064,2026-01-09,Makkah,Beauty,Face Serum,3,,410.91,154.16,Wholesale
10530,2025-04-30,Makkah,electronics,Laptop Stand,5,71.11,$355.55,134.64,Wholesale
12923,2026-06-01,Dammam,Electronics,Wireless Earbuds,4,142.02,568.08,218.99,Wholesale
12156,2026-01-26,Madinah,Clothing,Running Shoes,6,319.98,1919.88,612.88,Online
11788,2025-11-27,Riyadh,home & kitchen,Air Fryer,6,383.32,2299.92,750.58,
12158,2026-01-26,Jeddah,Beauty,Makeup Kit,5,248.18,"$1,240.90",429.23,Online
12401,2026-03-06,Madinah,Home & Kitchen,Coffee Maker,4,296.87,1187.48,460.84,Wholesale
12161,2026-01-26,  DAMMAM  ,Electronics,Bluetooth Speaker,5,224.33,"$1,121.65",393.49,Wholesale
11666,2025-11-08,  RIYADH  ,Clothing,Running Shoes,5,278.33,"$1,391.65",SAR 510.70,
12285,2026-02-14,Makkah,Sports,Yoga Mat,3,93.13,279.39,92.56,Wholesale
11928,2025-12-17,Madinah,home & kitchen,Blender,3,210.46,631.38,212.83,Online
10004,2025-02-01,Makkah,Clothing,Wool Scarf,5,76.59,382.95,115.73,Retail
12359,2026-02-27,Dammam,Electronics,Laptop Stand,4,68.7,274.8,109.67,Retail
12934,2026-06-03,Jeddah,Electronics,Smart Watch,4,396.01,1584.04,572.61,Retail
12068,2026-01-09,Dammam,home & kitchen,Coffee Maker,,282.21,846.63,374.1,Wholesale
10473,2025-04-21,Jeddah,home & kitchen,Blender,3,225.17,675.51,258.85,Online
10844,2025-06-21,  RIYADH  ,Clothing,Running Shoes,5,334.23,1671.15,SAR 506.94,Retail
10739,2025-06-04,Dammam,Clothing,Denim Jacket,6,241.79,1450.74,498.33,Retail
12090,2026-01-13,Jeddah,Electronics,Bluetooth Speaker,1,,226.6,SAR 91.33,Wholesale
10918,2025-07-02,Madinah,home & kitchen,Air Fryer,6,355.38,2132.28,898.24,Retail
12484,2026-03-19,Riyadh,Beauty,Hair Dryer,4,178.38,713.52,308.94,Online
11391,2025-09-26,Jeddah,Clothing,Denim Jacket,6,267.67,1606.02,693.91,Online
10258,2025-03-18,Madinah,Beauty,Face Serum,2,118.27,236.54,SAR 75.14,Wholesale
10628,2025-05-17,  RIYADH  ,Clothing,Running Shoes,5,272.9,1364.5,397.75,Online
12157,2026-01-26,Makkah,Sports,Dumbbell Set,2,249.7,499.4,SAR 184.95,Online
11612,2025-10-31,Dammam,Sports,Cycling Helmet,3,198.92,596.76,256.91,Wholesale
10514,2025-04-27,,Beauty,Hair Dryer,5,178.47,$892.35,SAR 377.72,Retail
11003,2025-07-18,Madinah,sports,Sports Bottle,4,,$152.24,65.09,Wholesale
10592,2025-05-11,Jeddah,Beauty,Perfume,1,391.54,$391.54,146.86,Retail
10113,2025-02-22,Makkah,Electronics,Laptop Stand,6,73.94,$443.64,188.19,Online
11564,2025-10-24,  RIYADH  ,Home & Kitchen,Non-stick Pan Set,4,218.32,$873.28,361.58,Retail
11842,2025-12-05,Dammam,Sports,Yoga Mat,2,,195.66,SAR 68.51,Wholesale
11350,2025-09-18,Riyadh,Beauty,Face Serum,2,117.78,235.56,66.28,Retail
12597,2026-04-07,Jeddah,Clothing,Denim Jacket,4,238.55,954.2,277.36,Wholesale
11726,2025-11-18,Riyadh,Electronics,Smart Watch,1,366.74,366.74,157.13,Retail
10955,2025-07-07,Riyadh,Beauty,Skincare Set,1,248.81,248.81,SAR 84.52,Retail
10604,2025-05-13,Dammam,Beauty,Face Serum,1,140.59,$140.59,SAR 57.97,Wholesale
12556,2026-03-30,Riyadh,Clothing,Cotton T-Shirt,5,66.15,330.75,128.52,Wholesale
12658,2026-04-17,Madinah,Beauty,Perfume,5,352.68,1763.4,704.0,Retail
10900,2025-06-29,Madinah,Sports,Sports Bottle,2,37.11,74.22,22.33,Wholesale
12681,2026-04-22,  JEDDAH  ,Clothing,Wool Scarf,6,85.48,512.88,150.08,Online
12497,2026-03-21,Jeddah,Beauty,Makeup Kit,4,239.4,$957.60,355.24,Retail
13077,2026-07-01,Makkah,Sports,Yoga Mat,2,,169.3,75.9,Retail
12678,2026-04-22,Jeddah,Sports,Yoga Mat,5,98.27,491.35,149.7,Online
12888,2026-05-26,Riyadh,Beauty,Face Serum,5,141.68,$708.40,256.8,Retail
11867,2025-12-09,Riyadh,Clothing,Running Shoes,4,275.18,1100.72,SAR 359.80,Retail
12215,2026-02-04,Dammam,Electronics,Power Bank,2,85.07,$170.14,76.47,
10557,2025-05-04,  DAMMAM  ,Sports,Resistance Bands,,65.5,131.0,39.43,Retail
13213,2026-07-24,Riyadh,Electronics,Laptop Stand,5,69.17,345.85,SAR 124.94,Wholesale
10526,2025-04-30,Jeddah,Electronics,Power Bank,2,101.22,202.44,85.35,Retail
11186,2025-08-17,Makkah,Beauty,Perfume,5,383.43,1917.15,744.81,Retail
12175,2026-01-29,Madinah,Electronics,Bluetooth Speaker,4,189.03,756.12,279.82,Wholesale
12788,2026-05-11,Madinah,Clothing,Leather Belt,,106.34,425.36,151.67,Wholesale
11927,2025-12-17,  JEDDAH  ,Clothing,Wool Scarf,5,79.17,395.85,127.58,Wholesale
11042,2025-07-24,Jeddah,Clothing,Running Shoes,2,284.79,569.58,161.31,Wholesale
11169,2025-08-14,Dammam,Beauty,Perfume,1,357.27,357.27,103.74,Wholesale
10339,2025-04-01,Madinah,Clothing,Cotton T-Shirt,2,60.53,121.06,48.52,Online
11858,2025-12-07,Jeddah,Clothing,Cotton T-Shirt,4,65.4,261.6,112.41,Wholesale
10111,2025-02-21,Jeddah,Beauty,Face Serum,1,134.61,$134.61,49.83,Wholesale
13062,2026-06-27,Dammam,beauty,Makeup Kit,5,235.81,1179.05,452.08,Wholesale
13087,2026-07-03,Dammam,Beauty,Face Serum,5,141.47,$707.35,246.07,Retail
11050,2025-07-25,Riyadh,Clothing,Leather Belt,6,,605.1,200.48,Retail
11110,2025-08-05,Riyadh,Clothing,Denim Jacket,5,,"$1,342.60",428.97,Online
12168,2026-01-28,Dammam,Home & Kitchen,Air Fryer,3,320.11,960.33,410.12,Wholesale
12580,2026-04-02,Makkah,Sports,Resistance Bands,5,63.08,315.4,118.65,Wholesale
12257,2026-02-10,Dammam,Clothing,Denim Jacket,,251.99,1511.94,679.87,Online
12124,2026-01-20,Madinah,clothing,Leather Belt,6,95.49,572.94,168.0,Online
11363,2025-09-20,Dammam,Sports,Sports Bottle,6,41.81,250.86,SAR 83.19,Online
11005,2025-07-18,Jeddah,Home & Kitchen,Blender,4,226.67,$906.68,312.65,Retail
10477,2025-04-22,Riyadh,Clothing,Running Shoes,6,321.19,1927.14,854.0,Wholesale
10524,2025-04-29,,Sports,Sports Bottle,5,43.7,218.5,80.63,Retail
10625,2025-05-17,Jeddah,Home & Kitchen,Non-stick Pan Set,2,262.4,$524.80,229.52,
11593,2025-10-28,  MADINAH  ,Sports,Yoga Mat,5,88.61,$443.05,SAR 143.46,Retail
12624,2026-04-12,Dammam,Sports,Cycling Helmet,5,210.42,1052.1,357.68,Wholesale
11384,2025-09-24,Dammam,Beauty,Skincare Set,6,275.76,1654.56,SAR 610.89,Wholesale
11166,2025-08-14,Makkah,Sports,Cycling Helmet,6,206.68,1240.08,496.74,Wholesale
11773,2025-11-25,  DAMMAM  ,Electronics,Bluetooth Speaker,3,208.53,$625.59,215.94,Online
11547,2025-10-21,  JEDDAH  ,clothing,Denim Jacket,6,234.13,1404.78,402.02,
11873,2025-12-09,Makkah,Home & Kitchen,Blender,2,196.12,392.24,111.93,Online
10041,2025-02-07,Riyadh,Sports,Yoga Mat,6,99.28,595.68,SAR 227.17,Online
11098,2025-08-03,  MAKKAH  ,Clothing,Denim Jacket,1,235.0,235.0,67.0,Wholesale
10544,2025-05-03,,Sports,Resistance Bands,3,55.51,166.53,SAR 49.62,Online
12553,2026-03-30,Dammam,Clothing,Leather Belt,5,99.18,$495.90,SAR 160.17,Wholesale
10561,2025-05-05,Riyadh,Sports,Cycling Helmet,,182.64,913.2,272.86,Online
10179,2025-03-05,Jeddah,Sports,Yoga Mat,6,97.53,585.18,177.08,Online
12623,2026-04-11,,sports,Resistance Bands,5,67.39,336.95,114.49,Wholesale
11709,2025-11-15,Dammam,Sports,Cycling Helmet,2,218.98,$437.96,164.41,Online
10220,2025-03-11,Madinah,Beauty,Makeup Kit,3,236.72,710.16,240.31,Online
10036,2025-02-06,Riyadh,Electronics,Smart Watch,2,399.64,799.28,294.27,Wholesale
12473,2026-03-17,Madinah,Beauty,Skincare Set,3,233.19,699.57,291.8,Retail
11579,2025-10-26,Makkah,Home & Kitchen,Vacuum Cleaner,1,688.16,688.16,215.39,
10379,2025-04-07,Dammam,Home & Kitchen,Air Fryer,2,321.72,643.44,SAR 242.41,Online
12178,2026-01-30,Dammam,Electronics,Power Bank,6,81.99,$491.94,165.66,Wholesale
10720,2025-06-01,Dammam,Sports,Resistance Bands,2,61.19,122.38,50.14,Wholesale
11655,2025-11-06,Makkah,Beauty,Makeup Kit,5,211.19,1055.95,387.85,Wholesale
11179,2025-08-15,Madinah,Electronics,Wireless Earbuds,4,163.86,655.44,187.69,Retail
11508,2025-10-14,Riyadh,Clothing,Denim Jacket,,271.39,1085.56,323.82,Retail
13162,2026-07-16,Riyadh,Beauty,Makeup Kit,5,226.32,"$1,131.60",SAR 458.20,Wholesale
11993,2025-12-28,Dammam,Sports,Yoga Mat,2,82.75,165.5,62.92,Wholesale
10639,2025-05-19,Makkah,Electronics,Smart Watch,5,441.77,2208.85,664.05,
12472,2026-03-17,  MADINAH  ,Sports,Cycling Helmet,2,210.32,$420.64,119.39,Retail
13148,2026-07-14,Riyadh,Home & Kitchen,Coffee Maker,1,294.43,294.43,109.11,Wholesale
12420,2026-03-08,  MADINAH  ,Home & Kitchen,Air Fryer,2,394.86,789.72,303.15,Online
10665,2025-05-24,Madinah,Clothing,Wool Scarf,3,71.9,$215.70,69.14,Retail
10669,2025-05-25,Makkah,Home & Kitchen,Vacuum Cleaner,6,673.61,4041.66,1765.27,Wholesale
12052,2026-01-07,  RIYADH  ,Sports,Resistance Bands,5,54.61,273.05,SAR 93.70,Wholesale
13022,2026-06-20,Dammam,Beauty,Makeup Kit,1,,228.28,76.7,Online
12377,2026-03-02,Makkah,home & kitchen,Vacuum Cleaner,6,685.77,4114.62,1256.6,Wholesale
10472,2025-04-21,Makkah,Electronics,Laptop Stand,5,,315.85,106.56,Retail
12607,2026-04-08,Makkah,Sports,Dumbbell Set,2,228.78,457.56,141.03,Online
11008,2025-07-18,Makkah,Home & Kitchen,Blender,2,189.31,378.62,124.86,Online
13154,2026-07-14,Madinah,Sports,Dumbbell Set,3,244.4,733.2,254.86,Online
12122,2026-01-19,Jeddah,Electronics,Bluetooth Speaker,1,224.09,$224.09,75.71,Wholesale
12197,2026-02-01,Jeddah,clothing,Leather Belt,2,90.16,180.32,70.33,Wholesale
10373,2025-04-06,Riyadh,Sports,Resistance Bands,1,54.54,54.54,22.39,Retail
11361,2025-09-20,  MAKKAH  ,Beauty,Makeup Kit,6,251.17,1507.02,659.91,Retail
10699,2025-05-30,Madinah,Home & Kitchen,Coffee Maker,1,305.78,305.78,111.06,Online
11938,2025-12-19,Madinah,Beauty,Perfume,2,373.75,747.5,SAR 280.00,Retail
11399,2025-09-27,Dammam,Home & Kitchen,Coffee Maker,5,297.4,"$1,487.00",519.81,Retail
10243,2025-03-16,Riyadh,Sports,Resistance Bands,,67.16,$67.16,24.01,Online
12393,2026-03-05,  RIYADH  ,Sports,Resistance Bands,2,54.06,108.12,37.51,Wholesale
10144,2025-02-26,Jeddah,Electronics,Power Bank,3,87.63,262.89,87.34,Online
11394,2025-09-26,Dammam,Clothing,Leather Belt,5,90.7,453.5,177.61,Online
10859,2025-06-23,,Clothing,Leather Belt,5,101.39,506.95,SAR 165.29,Wholesale
12369,2026-02-28,  MAKKAH  ,Home & Kitchen,Vacuum Cleaner,3,581.77,1745.31,770.28,Online
12017,2025-12-31,Makkah,Electronics,Wireless Earbuds,5,163.99,819.95,248.22,Online
12791,2026-05-12,  MADINAH  ,Clothing,Cotton T-Shirt,6,64.62,387.72,108.91,Retail
10978,2025-07-12,Dammam,clothing,Running Shoes,5,280.82,1404.1,442.18,Online
10392,2025-04-09,Makkah,beauty,Hair Dryer,6,155.14,930.84,378.89,Retail
10915,2025-07-01,Madinah,Sports,Resistance Bands,5,53.88,269.4,SAR 105.50,Retail
12228,2026-02-06,Jeddah,beauty,Face Serum,1,120.61,120.61,52.18,Retail
10180,2025-03-05,  DAMMAM  ,Beauty,Face Serum,1,148.3,148.3,45.37,Wholesale
12043,2026-01-06,Jeddah,Home & Kitchen,Coffee Maker,1,298.56,298.56,SAR 102.13,
12990,2026-06-14,Makkah,Electronics,Wireless Earbuds,4,141.33,$565.32,161.67,Online
11127,2025-08-07,Madinah,beauty,Makeup Kit,4,204.32,817.28,323.69,Online
10546,2025-05-03,Jeddah,Clothing,Denim Jacket,3,264.66,793.98,288.01,Online
13093,2026-07-05,Riyadh,Electronics,Laptop Stand,4,78.76,315.04,SAR 139.52,Online
13239,2026-07-28,Riyadh,Home & Kitchen,Blender,4,212.22,848.88,369.59,Wholesale
12094,2026-01-14,Riyadh,sports,Yoga Mat,6,96.89,581.34,203.55,Retail
10764,2025-06-10,Riyadh,Sports,Resistance Bands,6,53.99,$323.94,126.19,Retail
10636,2025-05-18,Madinah,Sports,Sports Bottle,4,,142.12,42.25,Retail
13179,2026-07-18,Madinah,Beauty,Makeup Kit,2,213.57,427.14,189.41,Retail
11396,2025-09-27,Riyadh,Electronics,Bluetooth Speaker,6,208.56,1251.36,523.09,Retail
12586,2026-04-04,Riyadh,electronics,Laptop Stand,4,72.46,289.84,85.72,Wholesale
12305,2026-02-18,  MAKKAH  ,Electronics,Smart Watch,,431.57,2589.42,1000.74,Wholesale
10141,2025-02-26,Makkah,beauty,Perfume,6,383.24,2299.44,779.87,Retail
10457,2025-04-18,Dammam,Electronics,Wireless Earbuds,3,164.16,$492.48,SAR 198.85,Retail
11949,2025-12-21,Dammam,Sports,Resistance Bands,5,53.63,268.15,114.28,Online
11447,2025-10-04,Dammam,Sports,Sports Bottle,1,44.48,44.48,16.81,Online
11047,2025-07-24,  DAMMAM  ,sports,Resistance Bands,3,55.47,$166.41,60.72,Online
11702,2025-11-14,Riyadh,Beauty,Makeup Kit,5,231.66,1158.3,515.43,Retail
10402,2025-04-10,Makkah,Home & Kitchen,Air Fryer,3,318.0,954.0,SAR 314.03,Retail
12110,2026-01-16,Dammam,Clothing,Denim Jacket,4,235.82,943.28,359.65,Wholesale
12310,2026-02-18,Dammam,Sports,Cycling Helmet,3,224.84,674.52,205.45,Wholesale
13056,2026-06-27,Madinah,Beauty,Hair Dryer,1,170.58,170.58,73.42,Wholesale
11303,2025-09-08,Dammam,Clothing,Wool Scarf,6,79.35,476.1,SAR 178.74,Online
10980,2025-07-13,Madinah,Beauty,Perfume,3,315.37,946.11,356.89,Retail
11204,2025-08-20,  MADINAH  ,Beauty,Perfume,4,374.22,1496.88,432.4,Online
12127,2026-01-20,Dammam,Sports,Yoga Mat,6,95.51,573.06,253.8,Wholesale
12743,2026-05-04,Madinah,Sports,Yoga Mat,5,86.72,433.6,133.93,Wholesale
11251,2025-08-29,Makkah,Electronics,Bluetooth Speaker,4,221.11,884.44,336.82,Retail
10222,2025-03-11,Makkah,Clothing,Leather Belt,6,112.32,$673.92,267.8,Wholesale
12398,2026-03-05,Riyadh,sports,Yoga Mat,2,82.5,165.0,SAR 61.66,Retail
12975,2026-06-12,  MADINAH  ,Home & Kitchen,Blender,2,197.03,394.06,161.25,Wholesale
12079,2026-01-11,Jeddah,Sports,Dumbbell Set,6,285.89,1715.34,764.22,Retail
10207,2025-03-08,Riyadh,beauty,Makeup Kit,6,215.69,1294.14,509.09,Retail
10708,2025-05-31,Riyadh,Beauty,Face Serum,3,118.28,354.84,121.45,Retail
12542,2026-03-28,Madinah,Beauty,Makeup Kit,4,202.32,809.28,232.0,Wholesale
10787,2025-06-12,Dammam,Home & Kitchen,Non-stick Pan Set,4,,1044.2,469.86,Retail
10281,2025-03-22,  RIYADH  ,Home & Kitchen,Non-stick Pan Set,2,214.17,428.34,189.07,Wholesale
12100,2026-01-15,Jeddah,Home & Kitchen,Air Fryer,3,353.51,1060.53,SAR 460.29,Wholesale
10168,2025-03-02,Madinah,beauty,Skincare Set,6,280.15,1680.9,SAR 503.40,Online
13134,2026-07-11,Dammam,Clothing,Leather Belt,4,93.77,375.08,162.64,Wholesale
12089,2026-01-13,  RIYADH  ,Sports,Sports Bottle,5,41.44,207.2,61.68,Wholesale
12777,2026-05-09,Jeddah,Home & Kitchen,Vacuum Cleaner,6,661.13,3966.78,1111.66,Retail
12688,2026-04-24,Madinah,Electronics,Smart Watch,4,419.31,1677.24,512.98,Online
11705,2025-11-15,Jeddah,beauty,Skincare Set,,238.67,$477.34,212.84,Online
12739,2026-05-03,Riyadh,Electronics,Wireless Earbuds,4,,624.08,210.12,Retail
12062,2026-01-08,Makkah,Electronics,Laptop Stand,,72.28,72.28,22.77,Retail
12006,2025-12-30,Jeddah,Clothing,Running Shoes,2,300.82,601.64,243.01,Retail
10593,2025-05-11,Dammam,home & kitchen,Air Fryer,6,389.86,"$2,339.16",SAR 843.92,Online
10403,2025-04-10,  DAMMAM  ,electronics,Smart Watch,6,383.43,2300.58,967.03,Retail
12775,2026-05-08,Madinah,Beauty,Skincare Set,,237.51,1187.55,529.94,Retail
12459,2026-03-14,  RIYADH  ,beauty,Hair Dryer,2,154.09,308.18,132.78,Retail
11812,2025-12-01,Jeddah,clothing,Cotton T-Shirt,3,64.16,$192.48,60.01,Wholesale
10334,2025-04-01,Madinah,Clothing,Denim Jacket,1,271.17,271.17,76.92,Wholesale
13085,2026-07-03,Dammam,Electronics,Power Bank,6,89.3,535.8,165.39,Online
13219,2026-07-25,Riyadh,clothing,Running Shoes,5,309.5,"$1,547.50",528.19,Wholesale
13265,2026-07-31,Dammam,Beauty,Perfume,2,314.74,629.48,SAR 202.16,Retail
11090,2025-08-01,Jeddah,Beauty,Hair Dryer,1,149.06,149.06,66.37,Wholesale
10385,2025-04-07,Makkah,Sports,Cycling Helmet,2,201.88,403.76,172.39,Retail
10828,2025-06-19,Dammam,Sports,Cycling Helmet,5,190.59,952.95,391.21,Online
12758,2026-05-06,Madinah,sports,Dumbbell Set,,285.28,1426.4,406.06,Wholesale
10655,2025-05-22,  JEDDAH  ,Sports,Cycling Helmet,3,219.28,657.84,SAR 188.82,Retail
11335,2025-09-14,Jeddah,Clothing,Cotton T-Shirt,4,60.66,242.64,75.54,Wholesale
11939,2025-12-19,  JEDDAH  ,Beauty,Skincare Set,6,240.3,1441.8,500.76,Wholesale
12732,2026-05-02,Dammam,Home & Kitchen,Vacuum Cleaner,3,,1838.34,764.91,Wholesale
10945,2025-07-05,Makkah,Electronics,Laptop Stand,2,62.16,124.32,35.78,Wholesale
10492,2025-04-24,Makkah,sports,Resistance Bands,5,67.84,339.2,96.48,
13255,2026-07-30,Riyadh,Clothing,Running Shoes,5,325.06,1625.3,606.03,Wholesale
10363,2025-04-04,Makkah,Clothing,Cotton T-Shirt,1,60.83,60.83,24.88,Online
12113,2026-01-17,Dammam,Home & Kitchen,Coffee Maker,,304.36,1217.44,487.22,Online
10463,2025-04-20,Riyadh,Sports,Resistance Bands,1,60.51,60.51,17.95,Retail
12320,2026-02-20,Makkah,Home & Kitchen,Coffee Maker,4,284.88,1139.52,SAR 460.34,Online
12040,2026-01-05,Jeddah,Beauty,Skincare Set,2,242.28,$484.56,161.99,Retail
13113,2026-07-08,Makkah,Clothing,Leather Belt,6,96.44,578.64,185.24,Retail
12348,2026-02-25,  JEDDAH  ,Home & Kitchen,Vacuum Cleaner,4,,"$2,720.68",810.39,Retail
10995,2025-07-17,Dammam,Electronics,Wireless Earbuds,,146.96,$440.88,161.95,Online
12908,2026-05-29,Dammam,Sports,Resistance Bands,4,62.45,249.8,86.18,Retail
11101,2025-08-04,  DAMMAM  ,Beauty,Makeup Kit,3,198.25,594.75,169.89,Online
12981,2026-06-13,  RIYADH  ,Clothing,Cotton T-Shirt,4,65.93,263.72,106.29,Retail
13226,2026-07-27,Madinah,Sports,Dumbbell Set,1,251.82,251.82,88.61,Wholesale
13043,2026-06-24,Madinah,Home & Kitchen,Coffee Maker,5,299.64,1498.2,617.46,Retail
12913,2026-05-30,,Sports,Yoga Mat,1,86.27,86.27,36.97,
13159,2026-07-16,Dammam,Sports,Cycling Helmet,3,199.28,597.84,261.38,Online
12330,2026-02-22,Jeddah,Clothing,Wool Scarf,2,81.8,$163.60,73.13,Retail
11418,2025-09-30,Riyadh,Sports,Dumbbell Set,4,254.24,1016.96,346.19,Wholesale
10798,2025-06-14,Jeddah,clothing,Cotton T-Shirt,6,63.89,383.34,146.9,
12652,2026-04-17,Riyadh,Electronics,Laptop Stand,3,78.53,235.59,SAR 100.02,Online
11069,2025-07-29,Madinah,beauty,Skincare Set,6,268.03,1608.18,595.24,Online
10842,2025-06-21,Jeddah,Electronics,Wireless Earbuds,1,160.41,160.41,54.89,Retail
10565,2025-05-06,  RIYADH  ,electronics,Power Bank,3,84.76,$254.28,80.99,Online
11370,2025-09-22,Riyadh,Electronics,Laptop Stand,3,76.15,228.45,92.35,Retail
10450,2025-04-18,Makkah,sports,Resistance Bands,6,63.61,381.66,121.98,Wholesale
11572,2025-10-25,Riyadh,beauty,Makeup Kit,,236.65,1183.25,333.68,Retail
12449,2026-03-13,Riyadh,Home & Kitchen,Coffee Maker,5,316.64,1583.2,SAR 471.55,Retail
11061,2025-07-27,Madinah,Home & Kitchen,Coffee Maker,4,258.64,1034.56,421.46,Wholesale
12598,2026-04-07,Dammam,Clothing,Denim Jacket,3,,843.33,321.96,Wholesale
10564,2025-05-06,Dammam,Clothing,Cotton T-Shirt,4,58.01,$232.04,65.5,Wholesale
12971,2026-06-11,Jeddah,Home & Kitchen,Air Fryer,3,360.48,1081.44,445.3,Wholesale
11451,2025-10-05,Madinah,Electronics,Laptop Stand,4,78.74,314.96,105.62,Online
13245,2026-07-29,Dammam,Electronics,Power Bank,1,80.88,80.88,34.95,Online
13094,2026-07-05,Dammam,Sports,Sports Bottle,6,41.09,$246.54,82.88,Retail
13144,2026-07-13,Jeddah,Home & Kitchen,Coffee Maker,4,,"$1,210.08",394.71,Retail
10080,2025-02-15,Madinah,Electronics,Smart Watch,2,382.17,$764.34,253.78,Online
10510,2025-04-26,Makkah,Beauty,Perfume,3,361.74,1085.22,469.64,Wholesale
12427,2026-03-09,Madinah,beauty,Skincare Set,1,264.26,264.26,91.32,Retail
12960,2026-06-08,Makkah,Beauty,Face Serum,4,123.64,494.56,189.43,Retail
12614,2026-04-10,  MAKKAH  ,Electronics,Power Bank,4,85.35,341.4,130.12,Retail
12146,2026-01-24,Jeddah,Beauty,Skincare Set,3,247.59,742.77,298.02,Online
10086,2025-02-16,  MADINAH  ,Sports,Yoga Mat,4,93.27,$373.08,125.84,Retail
11782,2025-11-26,Makkah,Clothing,Denim Jacket,3,282.57,847.71,344.08,Online
10118,2025-02-22,  RIYADH  ,clothing,Cotton T-Shirt,4,59.74,238.96,83.41,Wholesale
11845,2025-12-06,  MADINAH  ,Clothing,Denim Jacket,2,253.7,507.4,228.31,Retail
11592,2025-10-28,Riyadh,Electronics,Power Bank,,94.09,$94.09,32.85,Retail
11535,2025-10-19,Dammam,Electronics,Laptop Stand,,78.97,315.88,135.43,Retail
10453,2025-04-18,Riyadh,Home & Kitchen,Non-stick Pan Set,6,260.68,1564.08,640.38,Retail
11704,2025-11-14,Jeddah,Clothing,Running Shoes,4,301.8,1207.2,484.53,Retail
12782,2026-05-10,Riyadh,Clothing,Running Shoes,3,271.21,813.63,287.68,Wholesale
12371,2026-02-28,Madinah,Sports,Cycling Helmet,1,228.78,228.78,96.99,Wholesale
12349,2026-02-25,Riyadh,Clothing,Leather Belt,6,91.01,546.06,173.98,Wholesale
12325,2026-02-21,Makkah,Beauty,Makeup Kit,1,204.75,204.75,87.86,Retail
11897,2025-12-12,Riyadh,Clothing,Running Shoes,2,312.06,$624.12,240.11,Wholesale
11985,2025-12-27,Makkah,Beauty,Hair Dryer,3,,546.99,SAR 191.64,Retail
10656,2025-05-22,Riyadh,home & kitchen,Coffee Maker,2,300.78,601.56,205.17,Wholesale
12931,2026-06-03,Dammam,Beauty,Makeup Kit,5,227.57,"$1,137.85",322.08,Wholesale
12478,2026-03-18,Riyadh,Sports,Dumbbell Set,2,,499.34,220.98,Wholesale
11475,2025-10-09,Makkah,Electronics,Bluetooth Speaker,1,192.49,192.49,77.44,Wholesale
12501,2026-03-22,Madinah,Sports,Cycling Helmet,1,191.11,191.11,68.06,Wholesale
11556,2025-10-23,Riyadh,Beauty,Skincare Set,4,250.12,"$1,000.48",301.3,Online
12273,2026-02-12,Dammam,Electronics,Smart Watch,2,441.66,883.32,295.31,Retail
11076,2025-07-31,  MAKKAH  ,Sports,Cycling Helmet,4,192.36,769.44,255.21,Online
12220,2026-02-05,Dammam,Home & Kitchen,Coffee Maker,2,271.75,$543.50,241.91,Online
10704,2025-05-30,,Clothing,Wool Scarf,4,82.45,329.8,133.77,Wholesale
13146,2026-07-13,Riyadh,Beauty,Perfume,4,347.75,"$1,391.00",472.09,Wholesale
13088,2026-07-03,  DAMMAM  ,electronics,Power Bank,3,94.34,283.02,116.42,Wholesale
10866,2025-06-24,  MAKKAH  ,Beauty,Face Serum,6,120.48,722.88,306.2,Wholesale
10462,2025-04-19,Madinah,Beauty,Hair Dryer,3,152.97,$458.91,SAR 135.06,Wholesale
11129,2025-08-08,Dammam,home & kitchen,Non-stick Pan Set,3,257.78,773.34,313.4,
12327,2026-02-21,Makkah,Clothing,Cotton T-Shirt,6,61.46,368.76,SAR 165.32,Wholesale
11550,2025-10-22,Jeddah,Sports,Sports Bottle,1,42.95,42.95,SAR 18.29,Wholesale
11647,2025-11-05,  JEDDAH  ,home & kitchen,Non-stick Pan Set,2,215.89,431.78,179.36,Online
10122,2025-02-24,Madinah,Home & Kitchen,Non-stick Pan Set,1,232.93,232.93,92.78,Wholesale
11553,2025-10-22,  MAKKAH  ,Home & Kitchen,Non-stick Pan Set,3,249.79,$749.37,SAR 280.90,Retail
11814,2025-12-01,Makkah,Electronics,Wireless Earbuds,6,165.03,$990.18,343.76,Retail
10010,2025-02-02,Jeddah,Home & Kitchen,Blender,2,212.44,$424.88,140.5,Online
13174,2026-07-18,Makkah,Sports,Yoga Mat,5,97.04,$485.20,142.95,Retail
11834,2025-12-04,Dammam,sports,Cycling Helmet,3,202.59,607.77,251.74,Wholesale
12368,2026-02-28,Madinah,clothing,Leather Belt,3,89.7,$269.10,102.64,Online
11876,2025-12-10,Makkah,Sports,Yoga Mat,3,95.7,287.1,SAR 98.47,Retail
10840,2025-06-20,Madinah,Clothing,Wool Scarf,4,77.49,309.96,SAR 138.17,Wholesale
10198,2025-03-07,Makkah,Sports,Sports Bottle,4,37.76,151.04,48.58,Retail
13065,2026-06-28,Dammam,Home & Kitchen,Non-stick Pan Set,4,218.77,875.08,383.0,Online
12817,2026-05-16,Madinah,Home & Kitchen,Blender,3,218.75,656.25,185.99,Wholesale
10490,2025-04-24,  MAKKAH  ,home & kitchen,Vacuum Cleaner,5,587.26,"$2,936.30","SAR 1,186.34",Retail
11274,2025-09-02,Dammam,clothing,Cotton T-Shirt,4,,$264.08,77.96,Wholesale
11529,2025-10-17,Riyadh,sports,Yoga Mat,4,98.73,394.92,119.27,Retail
10143,2025-02-26,Makkah,Electronics,Laptop Stand,4,62.36,$249.44,106.14,
11348,2025-09-17,Jeddah,home & kitchen,Blender,2,189.34,378.68,166.92,
11329,2025-09-12,  MADINAH  ,Electronics,Smart Watch,3,371.48,1114.44,361.03,Retail
10713,2025-05-31,Jeddah,Clothing,Denim Jacket,2,276.16,552.32,215.12,Retail
11815,2025-12-01,  RIYADH  ,Sports,Sports Bottle,2,43.21,86.42,26.26,Wholesale
12242,2026-02-07,Makkah,clothing,Denim Jacket,1,226.69,226.69,71.0,Online
12875,2026-05-25,Makkah,home & kitchen,Air Fryer,4,329.08,1316.32,SAR 407.22,Wholesale
10148,2025-02-27,Dammam,electronics,Wireless Earbuds,3,163.76,491.28,196.57,Wholesale
11112,2025-08-06,Dammam,Clothing,Leather Belt,3,108.89,326.67,135.97,Wholesale
12859,2026-05-23,  MADINAH  ,electronics,Power Bank,5,102.24,511.2,172.65,Wholesale
12966,2026-06-10,Makkah,Clothing,Running Shoes,6,310.57,1863.42,736.99,Online
12234,2026-02-06,Jeddah,Sports,Resistance Bands,3,58.82,176.46,60.38,Wholesale
10766,2025-06-10,Dammam,beauty,Hair Dryer,1,170.5,170.5,66.34,Retail
12105,2026-01-16,Jeddah,Beauty,Hair Dryer,5,149.02,745.1,231.56,Retail
12339,2026-02-23,Dammam,clothing,Running Shoes,2,297.46,594.92,178.94,Retail
13033,2026-06-22,Dammam,home & kitchen,Coffee Maker,1,317.63,317.63,106.64,Online
12085,2026-01-12,Jeddah,Home & Kitchen,Coffee Maker,5,291.48,1457.4,631.89,Online
12667,2026-04-20,  DAMMAM  ,Sports,Cycling Helmet,5,198.16,990.8,347.08,
10668,2025-05-25,Madinah,Home & Kitchen,Blender,5,206.18,"$1,030.90",433.44,Online
11228,2025-08-25,Makkah,Electronics,Power Bank,1,89.17,$89.17,36.58,Retail
10068,2025-02-12,  JEDDAH  ,Sports,Cycling Helmet,3,199.3,597.9,184.31,Wholesale
13032,2026-06-22,  MADINAH  ,Home & Kitchen,Coffee Maker,1,293.13,293.13,100.52,Wholesale
10689,2025-05-28,  DAMMAM  ,Beauty,Makeup Kit,1,205.57,205.57,69.74,Wholesale
13142,2026-07-12,Dammam,Electronics,Wireless Earbuds,1,141.17,$141.17,47.6,Retail
11465,2025-10-07,Jeddah,Home & Kitchen,Non-stick Pan Set,5,247.66,"$1,238.30",401.06,Wholesale
12766,2026-05-07,Makkah,Sports,Dumbbell Set,2,254.45,508.9,170.68,Online
11073,2025-07-30,Makkah,home & kitchen,Blender,4,196.58,$786.32,265.45,
12505,2026-03-23,Madinah,Electronics,Bluetooth Speaker,4,187.29,$749.16,301.93,Wholesale
12130,2026-01-21,Makkah,Home & Kitchen,Vacuum Cleaner,3,581.73,"$1,745.19",616.19,Retail
11504,2025-10-14,Riyadh,Sports,Dumbbell Set,6,270.82,1624.92,727.96,Retail
12011,2025-12-31,Dammam,Home & Kitchen,Non-stick Pan Set,2,218.14,436.28,189.59,Online
12603,2026-04-08,Dammam,Home & Kitchen,Blender,5,181.55,$907.75,260.15,Online
13138,2026-07-12,Makkah,Clothing,Wool Scarf,4,89.54,358.16,108.94,Retail
10253,2025-03-18,Makkah,Electronics,Power Bank,5,102.24,$511.20,214.36,Wholesale
11103,2025-08-04,Dammam,Electronics,Laptop Stand,2,76.89,153.78,SAR 59.05,Wholesale
13083,2026-07-03,Dammam,Beauty,Face Serum,5,142.21,711.05,223.61,Retail
10418,2025-04-12,Makkah,Sports,Cycling Helmet,1,207.59,207.59,83.96,Online
11596,2025-10-28,Riyadh,Sports,Yoga Mat,1,90.32,90.32,31.49,Retail
13014,2026-06-18,Makkah,Clothing,Leather Belt,3,94.32,282.96,95.77,Wholesale
11155,2025-08-12,Dammam,Sports,Sports Bottle,6,39.49,$236.94,74.08,Wholesale
12430,2026-03-10,Madinah,clothing,Wool Scarf,6,78.04,468.24,183.63,Wholesale
11289,2025-09-06,Makkah,Beauty,Perfume,3,364.81,1094.43,373.77,Online
10221,2025-03-11,Jeddah,Home & Kitchen,Air Fryer,5,372.0,1860.0,SAR 547.12,Wholesale
10395,2025-04-09,Madinah,Sports,Yoga Mat,1,97.21,97.21,SAR 32.88,Wholesale
12224,2026-02-05,Jeddah,Home & Kitchen,Air Fryer,1,,318.67,125.71,Wholesale
12313,2026-02-18,Dammam,Sports,Cycling Helmet,5,210.51,"$1,052.55",428.63,Wholesale
10105,2025-02-19,Jeddah,Home & Kitchen,Vacuum Cleaner,3,609.97,1829.91,658.3,Wholesale
11736,2025-11-19,,Home & Kitchen,Vacuum Cleaner,4,613.28,"$2,453.12",744.1,Wholesale
10860,2025-06-23,Makkah,Clothing,Leather Belt,2,106.64,213.28,SAR 60.47,Retail
10979,2025-07-13,Madinah,Sports,Dumbbell Set,1,249.73,249.73,90.23,Retail
11734,2025-11-19,Riyadh,Clothing,Wool Scarf,6,86.19,517.14,SAR 148.93,Retail
11177,2025-08-15,Riyadh,Sports,Dumbbell Set,1,259.08,259.08,95.16,Wholesale
10326,2025-03-30,Jeddah,clothing,Running Shoes,5,302.13,"$1,510.65",505.09,Online
10502,2025-04-25,Makkah,beauty,Makeup Kit,2,235.82,471.64,167.18,Online
10260,2025-03-19,Makkah,Electronics,Laptop Stand,2,71.23,$142.46,54.47,Online
11022,2025-07-20,Jeddah,Home & Kitchen,Non-stick Pan Set,5,262.59,"$1,312.95",576.07,Online
11874,2025-12-09,Dammam,Electronics,Laptop Stand,2,66.55,133.1,49.31,Retail
11237,2025-08-26,Dammam,home & kitchen,Blender,,201.62,1209.72,493.8,Wholesale
12034,2026-01-04,Madinah,Beauty,Perfume,2,353.64,707.28,SAR 286.68,Wholesale
12630,2026-04-12,Madinah,Beauty,Skincare Set,4,279.63,1118.52,474.07,Retail
12246,2026-02-08,Dammam,clothing,Wool Scarf,6,78.77,472.62,SAR 186.38,Wholesale
10270,2025-03-21,Madinah,Clothing,Denim Jacket,4,255.4,1021.6,308.94,Retail
10181,2025-03-05,Riyadh,Beauty,Perfume,1,392.56,392.56,SAR 155.16,Retail
13212,2026-07-23,Madinah,Electronics,Laptop Stand,2,76.46,152.92,51.04,Wholesale
10029,2025-02-05,Madinah,Clothing,Cotton T-Shirt,1,63.54,63.54,27.96,
10532,2025-05-01,Madinah,electronics,Bluetooth Speaker,5,222.89,"$1,114.45",335.18,Wholesale
10325,2025-03-30,  MADINAH  ,Electronics,Wireless Earbuds,5,167.73,$838.65,348.57,Online
12453,2026-03-13,Jeddah,Beauty,Skincare Set,2,236.94,473.88,196.25,Online
11940,2025-12-19,Jeddah,Clothing,Wool Scarf,6,90.11,540.66,242.66,Retail
12889,2026-05-26,Makkah,Clothing,Running Shoes,5,275.28,1376.4,408.39,Online
10547,2025-05-03,,Beauty,Hair Dryer,6,149.98,899.88,282.43,Retail
10587,2025-05-11,Madinah,Home & Kitchen,Air Fryer,3,385.21,1155.63,484.11,Wholesale
11392,2025-09-26,Riyadh,Clothing,Running Shoes,,326.38,"$1,305.52",538.57,Wholesale
13232,2026-07-27,  DAMMAM  ,Electronics,Smart Watch,6,401.65,2409.9,849.31,Online
10913,2025-07-01,Riyadh,Clothing,Leather Belt,3,100.61,301.83,SAR 131.81,Online
12500,2026-03-21,  RIYADH  ,Sports,Dumbbell Set,5,278.62,1393.1,437.68,
11775,2025-11-25,Makkah,home & kitchen,Non-stick Pan Set,6,213.81,"$1,282.86",537.28,Online
12441,2026-03-12,Dammam,Beauty,Face Serum,1,147.75,147.75,58.26,Online
12862,2026-05-23,Madinah,Clothing,Denim Jacket,1,282.82,282.82,120.89,Online
13171,2026-07-17,  DAMMAM  ,Beauty,Perfume,1,365.77,365.77,110.53,Online
12049,2026-01-07,Jeddah,Beauty,Perfume,5,330.97,"$1,654.85",509.97,Retail
13103,2026-07-07,Dammam,Sports,Cycling Helmet,4,204.4,817.6,SAR 287.29,Wholesale
10930,2025-07-04,Dammam,Home & Kitchen,Blender,3,219.02,657.06,267.16,Online
10916,2025-07-01,Makkah,Beauty,Skincare Set,4,270.26,1081.04,425.54,Wholesale
12587,2026-04-04,Riyadh,Electronics,Wireless Earbuds,4,152.87,611.48,267.36,Online
12238,2026-02-07,Makkah,Clothing,Denim Jacket,5,224.56,1122.8,385.45,Online
10985,2025-07-14,  MAKKAH  ,Clothing,Denim Jacket,3,242.51,$727.53,247.29,Retail
12296,2026-02-16,Madinah,home & kitchen,Vacuum Cleaner,3,610.66,1831.98,522.03,Online
11515,2025-10-15,Riyadh,Sports,Dumbbell Set,,250.78,501.56,197.15,Retail
11130,2025-08-08,Madinah,Home & Kitchen,Non-stick Pan Set,2,224.16,448.32,125.94,Retail
11347,2025-09-17,Dammam,Electronics,Laptop Stand,4,73.28,293.12,117.53,
10539,2025-05-02,Madinah,Home & Kitchen,Air Fryer,5,383.16,1915.8,840.74,Online
10400,2025-04-09,Dammam,Beauty,Face Serum,1,142.91,142.91,46.57,Wholesale
11291,2025-09-06,Dammam,Beauty,Perfume,5,327.82,1639.1,502.85,Wholesale
10376,2025-04-06,Jeddah,Sports,Sports Bottle,1,42.63,42.63,17.04,Retail
11931,2025-12-17,  RIYADH  ,Sports,Resistance Bands,4,62.78,$251.12,83.83,Retail
12932,2026-06-03,Dammam,Sports,Dumbbell Set,1,234.74,234.74,SAR 76.22,Wholesale
12724,2026-05-01,Dammam,Home & Kitchen,Non-stick Pan Set,2,260.25,520.5,211.99,Retail
12096,2026-01-14,Madinah,Clothing,Denim Jacket,1,264.53,264.53,96.78,Retail
11203,2025-08-20,Madinah,Beauty,Skincare Set,,266.7,1333.5,510.58,Wholesale
10393,2025-04-09,Makkah,Beauty,Face Serum,4,148.05,592.2,SAR 218.24,Wholesale
11328,2025-09-12,Makkah,Clothing,Wool Scarf,3,87.72,263.16,110.79,Retail
10998,2025-07-17,  MAKKAH  ,Clothing,Running Shoes,1,277.28,277.28,111.77,Online
11549,2025-10-22,Makkah,Electronics,Power Bank,2,84.75,$169.50,SAR 58.69,Retail
12018,2026-01-01,Dammam,Sports,Sports Bottle,2,39.19,78.38,32.94,Online
10551,2025-05-04,Madinah,Sports,Resistance Bands,3,63.2,$189.60,69.79,Wholesale
12781,2026-05-10,Makkah,Clothing,Running Shoes,1,315.17,315.17,118.85,Online
11088,2025-08-01,Jeddah,Home & Kitchen,Non-stick Pan Set,4,224.34,897.36,277.16,Retail
11154,2025-08-11,Makkah,Clothing,Denim Jacket,4,226.92,907.68,344.23,Online
12380,2026-03-02,Dammam,Home & Kitchen,Vacuum Cleaner,3,613.81,1841.43,SAR 601.91,Wholesale
10715,2025-06-01,Makkah,Home & Kitchen,Vacuum Cleaner,3,612.83,1838.49,519.35,Online
10052,2025-02-09,Dammam,Clothing,Wool Scarf,5,85.04,425.2,150.8,Retail
12299,2026-02-16,Riyadh,sports,Resistance Bands,5,60.93,304.65,121.38,Retail
10919,2025-07-02,Dammam,Sports,Yoga Mat,3,90.89,272.67,116.82,Retail
10756,2025-06-08,Dammam,Beauty,Face Serum,5,131.26,656.3,273.89,Wholesale
10451,2025-04-18,Makkah,Electronics,Laptop Stand,5,72.73,363.65,146.49,Wholesale
10716,2025-06-01,Dammam,Beauty,Hair Dryer,5,154.24,771.2,317.92,Online
11371,2025-09-22,Makkah,Home & Kitchen,Air Fryer,2,385.33,770.66,346.59,
10740,2025-06-04,Madinah,Clothing,Cotton T-Shirt,1,62.89,62.89,19.1,Wholesale
10647,2025-05-21,Jeddah,Home & Kitchen,Blender,,206.64,$206.64,73.49,Retail
10114,2025-02-22,Dammam,Electronics,Smart Watch,1,414.77,414.77,SAR 157.30,Online
10667,2025-05-25,  MAKKAH  ,Beauty,Face Serum,1,147.72,147.72,58.34,Online
10001,2025-02-01,  RIYADH  ,Electronics,Bluetooth Speaker,2,190.2,380.4,123.55,Online
13016,2026-06-19,Makkah,Home & Kitchen,Air Fryer,2,314.65,$629.30,211.61,Retail
11904,2025-12-14,Dammam,Home & Kitchen,Non-stick Pan Set,3,,734.22,234.68,Retail
10583,2025-05-10,Riyadh,Sports,Yoga Mat,6,96.2,577.2,170.96,Online
12460,2026-03-15,Jeddah,Electronics,Wireless Earbuds,4,138.08,$552.32,229.17,
10419,2025-04-12,Dammam,Sports,Yoga Mat,6,89.92,539.52,222.74,Wholesale
11212,2025-08-22,Dammam,Sports,Sports Bottle,3,42.72,128.16,47.32,Online
10130,2025-02-24,  MADINAH  ,Electronics,Laptop Stand,4,69.23,276.92,115.78,Wholesale
11521,2025-10-16,Makkah,Sports,Resistance Bands,2,64.93,129.86,SAR 44.00,Retail
12067,2026-01-09,Dammam,Beauty,Face Serum,6,130.83,784.98,234.35,Wholesale
10752,2025-06-06,Madinah,Beauty,Hair Dryer,3,143.87,431.61,SAR 190.58,Online
13012,2026-06-18,Dammam,Home & Kitchen,Coffee Maker,3,290.17,870.51,292.53,Online
10903,2025-06-30,Dammam,Sports,Yoga Mat,1,95.75,95.75,29.73,Wholesale
11597,2025-10-28,Jeddah,Home & Kitchen,Blender,2,183.72,$367.44,SAR 134.48,Wholesale
10028,2025-02-05,Riyadh,Clothing,Denim Jacket,1,245.15,245.15,85.8,Retail
11669,2025-11-09,Makkah,Sports,Yoga Mat,3,84.97,254.91,94.2,Wholesale
11628,2025-11-02,Riyadh,Electronics,Wireless Earbuds,3,136.9,410.7,161.82,
11227,2025-08-25,Madinah,Sports,Sports Bottle,1,37.73,37.73,14.94,Online
10193,2025-03-07,Riyadh,Clothing,Running Shoes,,326.09,1956.54,573.93,Wholesale
12235,2026-02-06,Riyadh,Sports,Resistance Bands,4,53.45,213.8,70.23,Wholesale
10190,2025-03-06,Jeddah,Beauty,Hair Dryer,1,157.02,157.02,55.81,Retail
11463,2025-10-06,Jeddah,Home & Kitchen,Air Fryer,2,348.52,697.04,225.52,Retail
12047,2026-01-06,Dammam,Clothing,Leather Belt,5,112.84,564.2,248.21,Wholesale
11548,2025-10-21,Madinah,Sports,Resistance Bands,4,64.68,$258.72,101.51,Wholesale
12663,2026-04-19,Jeddah,home & kitchen,Blender,6,190.52,1143.12,388.61,Retail
11740,2025-11-20,Makkah,Electronics,Wireless Earbuds,5,148.56,742.8,243.18,Online
10679,2025-05-26,Madinah,clothing,Leather Belt,2,104.52,209.04,75.92,Retail
11272,2025-09-02,Jeddah,Electronics,Bluetooth Speaker,2,212.33,$424.66,140.94,Wholesale
10012,2025-02-02,  DAMMAM  ,Sports,Dumbbell Set,6,244.29,"$1,465.74",SAR 468.14,Retail
11870,2025-12-09,Jeddah,Clothing,Running Shoes,3,321.24,963.72,390.33,Wholesale
12061,2026-01-08,Makkah,Sports,Cycling Helmet,5,197.8,989.0,SAR 357.80,Online
11691,2025-11-13,Makkah,Electronics,Laptop Stand,4,62.29,249.16,99.3,Online
11358,2025-09-20,Makkah,Home & Kitchen,Non-stick Pan Set,5,240.79,1203.95,SAR 527.05,Retail
10563,2025-05-06,Jeddah,Home & Kitchen,Non-stick Pan Set,5,257.22,"$1,286.10",363.03,
11283,2025-09-05,Jeddah,Clothing,Leather Belt,4,106.29,425.16,168.34,Wholesale
10022,2025-02-03,Madinah,Sports,Dumbbell Set,2,247.38,494.76,209.05,Online
12400,2026-03-06,Makkah,Beauty,Face Serum,6,137.65,825.9,277.35,Online
11533,2025-10-18,Riyadh,Electronics,Laptop Stand,2,70.78,141.56,63.44,
10408,2025-04-11,Riyadh,Home & Kitchen,Non-stick Pan Set,5,261.4,1307.0,518.51,Wholesale
10273,2025-03-21,Dammam,Clothing,Running Shoes,5,308.98,1544.9,563.21,Retail
11381,2025-09-23,  DAMMAM  ,Clothing,Running Shoes,6,298.89,1793.34,SAR 620.79,Wholesale
11148,2025-08-10,Madinah,Home & Kitchen,Non-stick Pan Set,6,218.94,1313.64,437.89,Retail
11694,2025-11-13,Jeddah,Home & Kitchen,Vacuum Cleaner,,615.93,2463.72,1035.59,Retail
12381,2026-03-03,Madinah,home & kitchen,Blender,1,220.1,$220.10,78.28,
11901,2025-12-14,Riyadh,Clothing,Cotton T-Shirt,,67.09,201.27,SAR 66.36,Wholesale
11624,2025-11-01,Makkah,Sports,Yoga Mat,4,86.74,346.96,98.09,Wholesale
13069,2026-06-29,Madinah,Beauty,Skincare Set,6,,"$1,667.88",523.43,Wholesale
12908,2026-05-29,Dammam,Sports,Resistance Bands,4,62.45,249.8,86.18,Retail
11667,2025-11-09,Dammam,Electronics,Wireless Earbuds,3,139.23,417.69,125.56,
12297,2026-02-16,Jeddah,Sports,Sports Bottle,1,40.56,40.56,16.65,Retail
12756,2026-05-06,Madinah,Electronics,Wireless Earbuds,5,168.67,$843.35,251.31,Wholesale
11318,2025-09-10,Makkah,Sports,Yoga Mat,6,82.13,492.78,167.61,Wholesale
10019,2025-02-03,Madinah,Electronics,Wireless Earbuds,6,167.06,1002.36,323.11,Online
13002,2026-06-17,Madinah,Clothing,Leather Belt,5,104.15,520.75,234.21,Wholesale
12035,2026-01-04,Riyadh,Home & Kitchen,Vacuum Cleaner,3,589.6,1768.8,527.58,Wholesale
11325,2025-09-11,Makkah,Electronics,Wireless Earbuds,6,159.97,959.82,309.59,Wholesale
11467,2025-10-07,Jeddah,Electronics,Bluetooth Speaker,4,227.68,$910.72,295.65,Wholesale
12391,2026-03-05,Riyadh,electronics,Laptop Stand,1,79.15,79.15,SAR 27.35,Retail
13122,2026-07-10,Riyadh,Electronics,Power Bank,2,92.78,185.56,67.65,
12516,2026-03-24,Makkah,Beauty,Skincare Set,1,248.37,248.37,105.46,Wholesale
12039,2026-01-05,Dammam,Home & Kitchen,Non-stick Pan Set,4,237.78,951.12,276.09,Online
11277,2025-09-03,Riyadh,electronics,Bluetooth Speaker,1,206.7,206.7,88.01,Wholesale
11755,2025-11-23,  RIYADH  ,Beauty,Makeup Kit,2,198.45,396.9,137.65,Wholesale
12226,2026-02-05,Dammam,Beauty,Hair Dryer,3,167.47,502.41,SAR 161.13,Online
11450,2025-10-05,  MAKKAH  ,Sports,Resistance Bands,2,67.76,135.52,SAR 45.75,
12081,2026-01-12,Jeddah,electronics,Laptop Stand,4,76.55,306.2,116.21,Online
11197,2025-08-19,Dammam,Sports,Resistance Bands,,53.8,53.8,18.26,Retail
11710,2025-11-15,Makkah,Electronics,Laptop Stand,1,64.29,64.29,SAR 23.28,Retail
12679,2026-04-22,Makkah,Beauty,Skincare Set,2,280.34,$560.68,214.9,Online
10719,2025-06-01,Dammam,electronics,Wireless Earbuds,6,141.95,851.7,299.14,Wholesale
12276,2026-02-12,Madinah,Beauty,Skincare Set,5,235.81,"$1,179.05",432.09,Retail
11851,2025-12-06,  RIYADH  ,home & kitchen,Non-stick Pan Set,6,225.91,"$1,355.46",SAR 512.24,Online
10803,2025-06-15,Madinah,Sports,Dumbbell Set,,228.56,$457.12,145.34,Wholesale
13003,2026-06-17,Makkah,Clothing,Running Shoes,2,278.76,$557.52,210.77,Retail
11799,2025-11-28,Madinah,Beauty,Makeup Kit,1,209.09,209.09,59.86,Wholesale
10853,2025-06-22,Madinah,Sports,Cycling Helmet,2,227.17,454.34,146.58,
12502,2026-03-22,,Sports,Yoga Mat,3,85.91,257.73,SAR 91.93,Retail
12042,2026-01-06,  RIYADH  ,Sports,Resistance Bands,5,56.5,282.5,81.64,Online
13260,2026-07-31,Jeddah,Clothing,Denim Jacket,4,241.78,967.12,357.13,Retail
10308,2025-03-28,Madinah,Clothing,Denim Jacket,1,230.34,230.34,SAR 90.72,Wholesale
11217,2025-08-23,Dammam,Sports,Yoga Mat,6,92.55,555.3,231.72,Online
12812,2026-05-15,Dammam,Clothing,Wool Scarf,1,74.01,74.01,31.91,Retail
12322,2026-02-20,Makkah,Sports,Sports Bottle,1,35.75,35.75,11.15,Wholesale
12390,2026-03-05,Dammam,Home & Kitchen,Vacuum Cleaner,1,545.15,$545.15,162.57,Wholesale
10135,2025-02-25,Dammam,Beauty,Perfume,4,335.37,1341.48,477.95,Wholesale
12451,2026-03-13,Riyadh,beauty,Hair Dryer,6,171.25,1027.5,432.79,Online
11336,2025-09-14,Madinah,Clothing,Leather Belt,2,112.22,224.44,SAR 85.92,Wholesale
12450,2026-03-13,Riyadh,home & kitchen,Coffee Maker,2,296.33,592.66,209.37,Retail
10701,2025-05-30,Jeddah,Electronics,Bluetooth Speaker,4,196.67,786.68,301.16,Online
12376,2026-03-02,  RIYADH  ,Clothing,Wool Scarf,2,89.37,178.74,SAR 65.44,Retail
12683,2026-04-23,Dammam,sports,Yoga Mat,6,86.85,521.1,SAR 185.49,Retail
12722,2026-05-01,Dammam,Beauty,Perfume,5,393.86,1969.3,671.98,Wholesale
12496,2026-03-21,Dammam,Home & Kitchen,Vacuum Cleaner,2,,1355.6,426.05,Retail
11436,2025-10-02,Dammam,Electronics,Bluetooth Speaker,3,217.81,$653.43,277.79,Retail
11630,2025-11-02,  JEDDAH  ,sports,Sports Bottle,6,39.46,$236.76,101.62,Online
11506,2025-10-14,Riyadh,Clothing,Denim Jacket,1,240.76,240.76,69.93,Online
10726,2025-06-02,  RIYADH  ,Beauty,Face Serum,6,121.37,728.22,SAR 301.02,Wholesale
12301,2026-02-17,Riyadh,Clothing,Wool Scarf,5,83.61,418.05,149.65,Retail
12803,2026-05-14,Makkah,Beauty,Hair Dryer,6,150.43,902.58,341.91,
12364,2026-02-28,Riyadh,Home & Kitchen,Blender,1,,$196.54,58.06,Online
11493,2025-10-11,Riyadh,Clothing,Running Shoes,2,289.32,578.64,182.62,Online
13120,2026-07-10,Dammam,Electronics,Wireless Earbuds,5,138.19,690.95,272.55,Online
10877,2025-06-26,  MADINAH  ,Electronics,Bluetooth Speaker,4,223.34,893.36,386.35,Online
12911,2026-05-30,Dammam,Electronics,Smart Watch,6,434.01,"$2,604.06",1142.71,Retail
11553,2025-10-22,  MAKKAH  ,Home & Kitchen,Non-stick Pan Set,3,249.79,$749.37,SAR 280.90,Retail
10657,2025-05-22,Dammam,Clothing,Running Shoes,4,303.7,1214.8,472.57,Wholesale
11712,2025-11-15,Dammam,Home & Kitchen,Non-stick Pan Set,,226.59,1359.54,410.15,Retail
11171,2025-08-14,Makkah,Clothing,Leather Belt,2,103.64,207.28,69.14,Online
12004,2025-12-30,Riyadh,Electronics,Laptop Stand,5,78.39,391.95,173.75,Retail
10673,2025-05-26,Riyadh,Clothing,Wool Scarf,3,85.33,255.99,94.24,Wholesale
10484,2025-04-23,Riyadh,Beauty,Face Serum,2,145.9,$291.80,109.82,Online
13116,2026-07-09,Madinah,Electronics,Wireless Earbuds,3,155.48,466.44,142.37,Retail
12504,2026-03-23,Riyadh,sports,Dumbbell Set,5,251.64,1258.2,475.9,Online
12182,2026-01-30,Riyadh,Clothing,Leather Belt,6,113.0,$678.00,193.4,Online
11790,2025-11-27,Riyadh,Home & Kitchen,Air Fryer,4,322.86,1291.44,426.35,Online
13145,2026-07-13,Madinah,Beauty,Makeup Kit,6,248.45,1490.7,SAR 484.23,Online
11586,2025-10-27,Riyadh,Electronics,Wireless Earbuds,2,163.55,327.1,100.44,Online
11913,2025-12-15,Madinah,Sports,Dumbbell Set,6,273.83,1642.98,634.81,Wholesale
10424,2025-04-14,,Home & Kitchen,Vacuum Cleaner,3,681.72,2045.16,741.47,Online
11430,2025-10-02,Makkah,Electronics,Laptop Stand,3,66.6,199.8,67.84,Retail
10649,2025-05-21,Dammam,Clothing,Running Shoes,2,299.95,599.9,SAR 204.08,Online
10741,2025-06-04,Makkah,Beauty,Skincare Set,3,,805.86,344.13,Online
12846,2026-05-21,Jeddah,Sports,Resistance Bands,3,62.69,188.07,64.13,Retail
10852,2025-06-22,,Clothing,Denim Jacket,6,241.8,"$1,450.80",489.85,
10867,2025-06-24,Madinah,Home & Kitchen,Non-stick Pan Set,4,259.22,1036.88,SAR 456.72,Online
13251,2026-07-30,,Sports,Resistance Bands,2,,133.54,47.03,Online
12649,2026-04-16,Jeddah,Beauty,Makeup Kit,1,214.91,214.91,80.13,Wholesale
12023,2026-01-02,Dammam,Clothing,Cotton T-Shirt,4,67.68,270.72,SAR 116.65,Wholesale
13005,2026-06-17,Makkah,Electronics,Laptop Stand,2,68.81,137.62,50.28,Retail
10229,2025-03-13,Dammam,Beauty,Hair Dryer,,152.61,$763.05,218.12,Wholesale
12987,2026-06-14,Dammam,Clothing,Denim Jacket,,229.04,229.04,SAR 74.65,Wholesale
10880,2025-06-27,Dammam,clothing,Denim Jacket,3,231.23,$693.69,199.15,Online
11767,2025-11-24,Madinah,clothing,Wool Scarf,6,82.65,495.9,211.51,Wholesale
10638,2025-05-19,  RIYADH  ,electronics,Smart Watch,6,421.89,2531.34,1047.37,Online
10469,2025-04-21,Dammam,Electronics,Smart Watch,5,457.17,2285.85,865.49,Retail
11464,2025-10-07,Jeddah,Beauty,Makeup Kit,1,220.15,$220.15,78.48,Online
11495,2025-10-12,Dammam,Electronics,Laptop Stand,3,74.56,223.68,85.13,Online
11836,2025-12-04,Jeddah,Clothing,Wool Scarf,1,90.72,$90.72,40.74,Online
11400,2025-09-27,Makkah,electronics,Laptop Stand,4,67.55,270.2,84.1,Wholesale
12439,2026-03-11,Riyadh,Home & Kitchen,Coffee Maker,6,269.12,1614.72,622.43,Retail
10706,2025-05-30,Madinah,Home & Kitchen,Vacuum Cleaner,5,576.56,2882.8,"SAR 1,080.27",
12729,2026-05-02,Dammam,Beauty,Face Serum,2,135.22,270.44,81.77,Retail
12448,2026-03-13,Riyadh,Electronics,Power Bank,1,90.54,$90.54,35.18,Online
10616,2025-05-16,Riyadh,Home & Kitchen,Vacuum Cleaner,4,626.38,2505.52,725.96,Online
12804,2026-05-14,Dammam,Electronics,Wireless Earbuds,,157.67,630.68,219.09,Wholesale
10277,2025-03-21,  MADINAH  ,home & kitchen,Blender,4,191.28,765.12,239.29,Wholesale
12082,2026-01-12,Madinah,Clothing,Wool Scarf,2,87.85,$175.70,61.71,Online
13082,2026-07-03,  MADINAH  ,sports,Resistance Bands,4,55.62,222.48,99.02,Wholesale
11994,2025-12-28,Makkah,electronics,Laptop Stand,1,77.85,$77.85,28.25,Retail
10941,2025-07-05,Jeddah,Sports,Yoga Mat,4,96.02,384.08,166.09,
10214,2025-03-10,Riyadh,Sports,Cycling Helmet,5,198.23,$991.15,348.23,Online
13089,2026-07-04,Makkah,Clothing,Running Shoes,5,334.3,"$1,671.50",733.96,Retail
11124,2025-08-07,Riyadh,Sports,Yoga Mat,1,87.51,$87.51,35.89,
12978,2026-06-12,Dammam,Home & Kitchen,Blender,1,205.74,205.74,60.82,
13173,2026-07-17,  MADINAH  ,clothing,Wool Scarf,5,84.23,421.15,125.28,Wholesale
10856,2025-06-23,Dammam,Sports,Sports Bottle,5,37.15,185.75,76.99,Retail
10107,2025-02-20,  JEDDAH  ,Home & Kitchen,Air Fryer,6,360.85,2165.1,SAR 693.76,Retail
10305,2025-03-27,Dammam,Clothing,Running Shoes,1,290.6,290.6,95.49,Wholesale
12352,2026-02-26,Dammam,Sports,Yoga Mat,5,91.33,$456.65,201.08,Retail
12698,2026-04-26,Riyadh,Sports,Cycling Helmet,3,184.55,553.65,242.89,Retail
12170,2026-01-28,  RIYADH  ,Home & Kitchen,Vacuum Cleaner,4,,2165.96,646.59,Wholesale
12950,2026-06-06,Jeddah,Clothing,Denim Jacket,2,268.73,537.46,196.35,Retail
11029,2025-07-21,  DAMMAM  ,Sports,Sports Bottle,5,39.35,196.75,79.91,Online
11411,2025-09-28,  MADINAH  ,Electronics,Smart Watch,4,453.9,1815.6,685.19,Retail
10549,2025-05-03,Makkah,Home & Kitchen,Non-stick Pan Set,3,218.59,655.77,261.41,Online
10224,2025-03-11,Riyadh,Home & Kitchen,Blender,2,226.42,452.84,177.47,Wholesale
12508,2026-03-23,Riyadh,Electronics,Smart Watch,4,454.17,1816.68,787.16,Online
12938,2026-06-05,Riyadh,Sports,Cycling Helmet,4,215.06,860.24,286.73,Online
11345,2025-09-16,Riyadh,Electronics,Smart Watch,3,408.85,1226.55,SAR 509.83,Wholesale
11869,2025-12-09,Dammam,Clothing,Leather Belt,3,99.35,298.05,91.8,Wholesale
11852,2025-12-07,Jeddah,Beauty,Makeup Kit,2,248.19,$496.38,139.37,Retail
12840,2026-05-19,Madinah,Beauty,Face Serum,4,,583.08,246.81,Online
10697,2025-05-29,Madinah,Electronics,Power Bank,4,93.76,375.04,SAR 135.55,Online
10552,2025-05-04,Dammam,home & kitchen,Blender,3,211.74,635.22,183.02,Online
10774,2025-06-11,  MADINAH  ,Electronics,Wireless Earbuds,2,140.75,281.5,125.18,Retail
10058,2025-02-10,Dammam,Clothing,Cotton T-Shirt,4,65.96,263.84,80.22,Retail
12986,2026-06-14,Riyadh,Electronics,Laptop Stand,6,73.94,443.64,190.44,Online
12251,2026-02-09,Riyadh,Home & Kitchen,Air Fryer,1,340.45,340.45,138.0,Retail
10430,2025-04-14,Riyadh,beauty,Makeup Kit,,240.66,240.66,92.03,Wholesale
11501,2025-10-13,Jeddah,Beauty,Hair Dryer,2,150.61,301.22,110.43,Online
10234,2025-03-13,Makkah,Electronics,Smart Watch,4,447.34,1789.36,522.17,Wholesale
11111,2025-08-06,Jeddah,Sports,Sports Bottle,3,39.5,118.5,35.73,Retail
12915,2026-05-30,Riyadh,electronics,Laptop Stand,3,72.91,218.73,64.6,Retail
13123,2026-07-10,  MAKKAH  ,Sports,Sports Bottle,2,43.21,$86.42,31.24,Online
10579,2025-05-10,Madinah,Electronics,Bluetooth Speaker,1,,218.14,79.7,Online
12436,2026-03-11,  MADINAH  ,Sports,Cycling Helmet,1,,208.6,77.08,Online
13075,2026-06-30,Jeddah,Beauty,Makeup Kit,6,244.85,1469.1,430.76,Retail
12898,2026-05-27,Riyadh,Beauty,Makeup Kit,4,231.04,924.16,360.5,Wholesale
12256,2026-02-09,Riyadh,Home & Kitchen,Blender,6,202.94,"$1,217.64",381.94,Retail
11263,2025-09-01,Madinah,Electronics,Power Bank,4,90.43,361.72,136.45,Online
11241,2025-08-27,Riyadh,Sports,Yoga Mat,6,90.01,540.06,231.7,Wholesale
11271,2025-09-02,Madinah,Sports,Yoga Mat,4,87.75,$351.00,99.68,Online
11492,2025-10-11,Dammam,Sports,Yoga Mat,2,85.08,$170.16,61.14,Wholesale
10459,2025-04-19,Jeddah,Home & Kitchen,Coffee Maker,3,305.04,$915.12,272.68,Online
10007,2025-02-01,  MAKKAH  ,Sports,Yoga Mat,4,81.85,327.4,131.01,Online
10301,2025-03-26,,Home & Kitchen,Coffee Maker,4,314.72,1258.88,493.23,Wholesale
12705,2026-04-27,  RIYADH  ,Sports,Yoga Mat,1,82.61,82.61,SAR 31.52,Retail
10748,2025-06-05,Makkah,clothing,Denim Jacket,6,269.99,1619.94,621.65,Wholesale
11357,2025-09-20,Madinah,Clothing,Leather Belt,6,93.45,560.7,216.05,Wholesale
12655,2026-04-17,Madinah,Clothing,Wool Scarf,1,76.47,76.47,32.72,Online
12244,2026-02-08,Jeddah,sports,Resistance Bands,3,59.94,$179.82,61.12,Retail
11484,2025-10-10,Jeddah,Electronics,Smart Watch,2,400.82,801.64,SAR 263.76,Online
12283,2026-02-14,Makkah,electronics,Wireless Earbuds,6,138.88,833.28,252.77,Retail
12646,2026-04-16,Dammam,Sports,Yoga Mat,6,99.99,$599.94,185.9,Retail
10702,2025-05-30,Jeddah,Sports,Yoga Mat,6,95.76,$574.56,168.77,Online
12355,2026-02-26,Riyadh,Beauty,Hair Dryer,1,154.52,154.52,55.64,Wholesale
13090,2026-07-04,Dammam,Sports,Yoga Mat,5,97.5,487.5,SAR 190.93,Wholesale
12639,2026-04-14,Madinah,Sports,Yoga Mat,3,89.11,$267.33,108.45,Online
11603,2025-10-29,Jeddah,Sports,Yoga Mat,5,80.61,403.05,146.31,Retail
12893,2026-05-27,Dammam,Clothing,Wool Scarf,5,72.29,361.45,109.68,Online
12362,2026-02-27,Riyadh,Clothing,Wool Scarf,3,80.71,$242.13,89.76,Wholesale
11229,2025-08-25,Dammam,Sports,Cycling Helmet,6,184.15,1104.9,353.89,Online
10730,2025-06-03,Dammam,Home & Kitchen,Vacuum Cleaner,4,655.12,2620.48,980.12,Retail
10215,2025-03-10,Riyadh,Beauty,Skincare Set,6,245.29,1471.74,510.91,Online
12213,2026-02-03,Jeddah,Sports,Resistance Bands,1,60.91,60.91,22.62,Online
11211,2025-08-22,Riyadh,Sports,Resistance Bands,1,65.94,65.94,SAR 24.99,Online
10887,2025-06-28,Makkah,Electronics,Power Bank,3,95.33,$285.99,94.17,Wholesale
11311,2025-09-09,Jeddah,Clothing,Cotton T-Shirt,,57.29,$229.16,94.04,Online
11573,2025-10-25,Makkah,Sports,Yoga Mat,1,84.96,84.96,SAR 24.09,Wholesale
11822,2025-12-03,Riyadh,Electronics,Laptop Stand,2,65.68,131.36,SAR 38.07,Online
10755,2025-06-07,Makkah,Home & Kitchen,Non-stick Pan Set,6,251.41,1508.46,594.12,Retail
12129,2026-01-21,Jeddah,Sports,Resistance Bands,2,67.02,$134.04,54.47,Online
10873,2025-06-25,Jeddah,Electronics,Power Bank,5,,403.25,148.37,Online
10902,2025-06-30,  RIYADH  ,sports,Cycling Helmet,4,,$885.08,270.02,
13140,2026-07-12,Jeddah,Beauty,Perfume,6,321.37,"$1,928.22",757.49,Retail
11970,2025-12-24,Makkah,Sports,Resistance Bands,6,57.52,$345.12,104.42,Retail
12720,2026-04-30,Madinah,Electronics,Bluetooth Speaker,3,192.09,576.27,174.67,Online
10101,2025-02-18,Makkah,Home & Kitchen,Air Fryer,4,388.35,1553.4,SAR 651.01,Retail
10368,2025-04-05,Madinah,electronics,Laptop Stand,1,66.06,66.06,19.61,Online
12619,2026-04-11,Riyadh,Sports,Dumbbell Set,3,259.45,778.35,222.05,Online
12722,2026-05-01,Dammam,Beauty,Perfume,5,393.86,1969.3,671.98,Wholesale
12701,2026-04-26,Madinah,Clothing,Cotton T-Shirt,5,65.24,326.2,SAR 96.24,Online
11393,2025-09-26,Makkah,Electronics,Smart Watch,5,422.3,2111.5,773.58,Online
12519,2026-03-25,Makkah,clothing,Denim Jacket,4,261.58,1046.32,361.59,Wholesale
10990,2025-07-16,,sports,Resistance Bands,6,66.85,$401.10,145.4,Online
12522,2026-03-25,Makkah,Home & Kitchen,Vacuum Cleaner,1,672.41,672.41,197.96,Online
11542,2025-10-21,Makkah,Electronics,Wireless Earbuds,3,137.57,412.71,164.07,Wholesale
12708,2026-04-28,Madinah,Clothing,Wool Scarf,4,,311.04,111.62,Online
10568,2025-05-07,Dammam,Sports,Dumbbell Set,1,266.23,266.23,91.44,Retail
11964,2025-12-23,Jeddah,Sports,Resistance Bands,1,,56.16,22.94,Online
11496,2025-10-12,Dammam,Home & Kitchen,Air Fryer,6,385.29,"$2,311.74",716.48,Retail
12549,2026-03-29,Madinah,Home & Kitchen,Air Fryer,5,339.6,1698.0,SAR 697.32,Online
10784,2025-06-12,Dammam,Clothing,Leather Belt,5,100.06,500.3,195.17,Wholesale
10097,2025-02-18,Riyadh,beauty,Perfume,1,351.92,$351.92,SAR 136.70,Wholesale
12633,2026-04-13,Jeddah,Home & Kitchen,Air Fryer,6,337.6,"$2,025.60",901.22,Wholesale
12464,2026-03-15,Makkah,Clothing,Cotton T-Shirt,1,64.14,64.14,23.15,
10182,2025-03-05,Riyadh,clothing,Running Shoes,5,316.42,1582.1,564.46,Wholesale
12488,2026-03-20,Jeddah,Clothing,Denim Jacket,2,232.36,464.72,172.72,Online
10042,2025-02-07,Jeddah,Sports,Cycling Helmet,1,209.91,209.91,79.5,
11314,2025-09-09,Riyadh,Beauty,Hair Dryer,2,177.7,355.4,141.22,Online
11071,2025-07-29,Madinah,Home & Kitchen,Blender,3,182.16,546.48,191.06,Retail
10309,2025-03-28,Riyadh,clothing,Cotton T-Shirt,5,67.52,337.6,SAR 142.86,Online
12662,2026-04-18,Riyadh,Beauty,Makeup Kit,1,204.55,204.55,62.45,Retail
11414,2025-09-29,Riyadh,Clothing,Wool Scarf,4,,308.32,107.5,Retail
13221,2026-07-26,Riyadh,Home & Kitchen,Coffee Maker,4,285.72,"$1,142.88",344.52,Online
11946,2025-12-20,  DAMMAM  ,Beauty,Makeup Kit,2,247.09,494.18,155.55,Retail
10289,2025-03-24,  MADINAH  ,Sports,Yoga Mat,2,101.8,$203.60,77.99,Wholesale
10924,2025-07-02,  MAKKAH  ,beauty,Hair Dryer,6,160.6,963.6,329.18,Retail
13035,2026-06-23,Dammam,electronics,Bluetooth Speaker,4,219.28,$877.12,354.1,Wholesale
13070,2026-06-29,Madinah,Electronics,Wireless Earbuds,5,163.58,817.9,230.6,Online
12552,2026-03-30,  DAMMAM  ,home & kitchen,Blender,4,182.92,$731.68,297.52,Retail
11075,2025-07-30,  RIYADH  ,Home & Kitchen,Coffee Maker,1,288.65,288.65,128.06,Online
12058,2026-01-08,Riyadh,Home & Kitchen,Blender,3,210.95,632.85,SAR 249.41,Online
12867,2026-05-24,Dammam,beauty,Skincare Set,,283.87,567.74,246.16,
10643,2025-05-20,Riyadh,Sports,Yoga Mat,6,96.13,576.78,SAR 253.35,Online
10069,2025-02-12,Dammam,Clothing,Wool Scarf,5,83.08,$415.40,SAR 164.17,Wholesale
11255,2025-08-30,Makkah,Electronics,Smart Watch,2,375.51,751.02,298.28,Online
10666,2025-05-24,,Home & Kitchen,Blender,2,181.23,$362.46,150.37,Wholesale
13024,2026-06-20,,Clothing,Cotton T-Shirt,3,55.59,$166.77,SAR 47.36,Online
12317,2026-02-19,Jeddah,Home & Kitchen,Coffee Maker,6,298.95,1793.7,589.87,Online
13201,2026-07-21,Jeddah,sports,Cycling Helmet,2,200.35,$400.70,177.76,Wholesale
13164,2026-07-16,Dammam,clothing,Cotton T-Shirt,1,55.52,55.52,23.67,Wholesale
11601,2025-10-29,Madinah,Electronics,Wireless Earbuds,,171.12,513.36,188.78,Online
12144,2026-01-23,Madinah,beauty,Makeup Kit,,230.83,1384.98,SAR 517.37,Online
10758,2025-06-08,Jeddah,Electronics,Smart Watch,4,432.45,1729.8,750.78,Online
11849,2025-12-06,  JEDDAH  ,Clothing,Running Shoes,6,279.78,1678.68,630.63,Wholesale
11196,2025-08-19,Jeddah,Home & Kitchen,Non-stick Pan Set,5,212.42,1062.1,467.12,Wholesale
11429,2025-10-01,,Sports,Cycling Helmet,2,208.54,417.08,168.02,Online
10776,2025-06-11,Makkah,Sports,Cycling Helmet,6,208.47,"$1,250.82",SAR 552.43,Retail
12482,2026-03-19,Riyadh,Home & Kitchen,Coffee Maker,5,259.38,1296.9,406.03,Online
10285,2025-03-23,Dammam,Electronics,Wireless Earbuds,3,152.53,457.59,137.28,Online
10262,2025-03-19,  MADINAH  ,Electronics,Bluetooth Speaker,3,214.13,$642.39,265.64,Online
11108,2025-08-05,Dammam,Beauty,Face Serum,,136.78,136.78,57.28,Wholesale
11269,2025-09-01,Dammam,Sports,Cycling Helmet,2,,372.86,148.22,Wholesale
11733,2025-11-19,Dammam,sports,Dumbbell Set,1,247.28,247.28,76.96,Retail
11466,2025-10-07,Jeddah,Electronics,Wireless Earbuds,1,138.8,138.8,54.34,Retail
10983,2025-07-14,Makkah,Sports,Sports Bottle,4,42.99,$171.96,57.02,Retail
11297,2025-09-07,Dammam,Electronics,Laptop Stand,2,67.86,$135.72,45.5,Wholesale
12491,2026-03-20,Makkah,Beauty,Face Serum,2,128.18,$256.36,SAR 92.13,
11843,2025-12-05,Dammam,sports,Cycling Helmet,5,192.89,$964.45,301.64,
13108,2026-07-07,Jeddah,Beauty,Perfume,4,341.92,"$1,367.68",575.81,Wholesale
13104,2026-07-07,  RIYADH  ,Home & Kitchen,Non-stick Pan Set,1,252.15,252.15,113.02,Wholesale
10026,2025-02-04,Madinah,Sports,Sports Bottle,2,44.16,88.32,28.4,Online
11723,2025-11-17,Makkah,Beauty,Skincare Set,2,,481.16,206.87,
12365,2026-02-28,Makkah,Electronics,Laptop Stand,3,68.22,204.66,74.26,Wholesale
11635,2025-11-03,Madinah,Sports,Cycling Helmet,3,216.93,650.79,258.36,
13141,2026-07-12,  MADINAH  ,beauty,Hair Dryer,4,161.18,644.72,262.96,Online
12282,2026-02-13,Riyadh,Home & Kitchen,Blender,5,217.76,1088.8,331.77,Retail
12219,2026-02-05,Madinah,Home & Kitchen,Coffee Maker,4,280.6,1122.4,348.89,Retail
12929,2026-06-02,Madinah,Home & Kitchen,Coffee Maker,1,261.66,261.66,77.59,Retail
10632,2025-05-18,Dammam,Home & Kitchen,Blender,2,226.38,452.76,156.15,Wholesale
10249,2025-03-17,Dammam,Sports,Sports Bottle,5,39.72,198.6,88.13,Online
13021,2026-06-20,Makkah,Home & Kitchen,Air Fryer,1,363.5,363.5,106.83,Wholesale
10112,2025-02-21,Dammam,Clothing,Cotton T-Shirt,3,66.98,200.94,SAR 74.10,Retail
10348,2025-04-03,Madinah,Sports,Yoga Mat,1,84.29,84.29,27.02,Online
10465,2025-04-20,  DAMMAM  ,Home & Kitchen,Air Fryer,5,,1769.75,SAR 685.40,Wholesale
12135,2026-01-22,Jeddah,Home & Kitchen,Air Fryer,5,315.34,1576.7,668.58,Wholesale
12601,2026-04-08,Jeddah,Sports,Resistance Bands,2,60.0,120.0,42.86,Wholesale
11890,2025-12-11,Makkah,Sports,Sports Bottle,5,35.8,179.0,65.69,Online
11541,2025-10-20,Jeddah,Electronics,Smart Watch,3,367.58,1102.74,389.35,Retail
12164,2026-01-27,Madinah,beauty,Makeup Kit,6,243.53,1461.18,595.58,Retail
10275,2025-03-21,Dammam,Sports,Yoga Mat,1,81.91,$81.91,23.65,Online
10901,2025-06-29,Madinah,Home & Kitchen,Non-stick Pan Set,6,262.35,1574.1,616.22,Retail
10676,2025-05-26,Madinah,Clothing,Cotton T-Shirt,2,56.91,113.82,47.74,Wholesale
12331,2026-02-22,Riyadh,Sports,Cycling Helmet,3,219.38,$658.14,SAR 282.23,Retail
10772,2025-06-11,Riyadh,sports,Sports Bottle,2,40.21,80.42,SAR 29.39,Online
13156,2026-07-15,Makkah,Home & Kitchen,Non-stick Pan Set,2,249.89,$499.78,189.9,Online
10070,2025-02-13,,Sports,Sports Bottle,6,36.75,220.5,96.05,
11569,2025-10-24,Makkah,home & kitchen,Vacuum Cleaner,,662.35,2649.4,939.6,Online
10377,2025-04-06,Riyadh,Electronics,Bluetooth Speaker,2,198.0,396.0,125.43,Retail
10654,2025-05-22,Dammam,Beauty,Perfume,3,367.88,1103.64,439.29,
12177,2026-01-29,Makkah,Home & Kitchen,Coffee Maker,3,301.26,903.78,321.83,Wholesale
12563,2026-03-31,Madinah,Clothing,Wool Scarf,1,75.29,75.29,25.62,Online
13182,2026-07-19,Dammam,Beauty,Face Serum,3,132.19,$396.57,SAR 146.07,Wholesale
10623,2025-05-17,Dammam,Sports,Yoga Mat,1,96.65,96.65,40.16,Wholesale
12241,2026-02-07,  DAMMAM  ,Beauty,Face Serum,4,135.56,542.24,183.96,Online
13155,2026-07-14,Makkah,Electronics,Power Bank,6,86.73,520.38,222.1,Online
11860,2025-12-08,Madinah,Electronics,Bluetooth Speaker,6,221.3,1327.8,526.07,Online
10174,2025-03-03,Jeddah,Sports,Dumbbell Set,2,244.55,$489.10,207.83,Online
12583,2026-04-03,  JEDDAH  ,Sports,Resistance Bands,5,58.07,290.35,SAR 85.06,Retail
10958,2025-07-08,Makkah,Home & Kitchen,Non-stick Pan Set,3,,639.06,SAR 213.26,Online
12669,2026-04-20,Makkah,Home & Kitchen,Non-stick Pan Set,2,248.86,497.72,213.0,Online
11167,2025-08-14,,Beauty,Skincare Set,5,280.02,"$1,400.10",407.43,Wholesale
11683,2025-11-12,Dammam,Electronics,Power Bank,5,95.4,477.0,205.35,Retail
10797,2025-06-14,Dammam,Sports,Yoga Mat,3,92.11,276.33,117.32,Online
12562,2026-03-31,Makkah,Clothing,Running Shoes,3,286.85,860.55,261.02,Online
13136,2026-07-12,Madinah,Electronics,Bluetooth Speaker,5,213.38,1066.9,312.35,Online
11988,2025-12-27,Makkah,Clothing,Denim Jacket,5,,1213.5,504.82,Retail
13247,2026-07-29,Makkah,Home & Kitchen,Air Fryer,3,398.15,1194.45,529.89,
11191,2025-08-18,Riyadh,Home & Kitchen,Vacuum Cleaner,5,676.94,3384.7,1120.17,
13223,2026-07-26,Jeddah,Sports,Cycling Helmet,3,216.51,649.53,198.55,Retail
12906,2026-05-29,Dammam,Electronics,Wireless Earbuds,2,166.13,332.26,106.61,Online
12617,2026-04-11,Dammam,Electronics,Bluetooth Speaker,5,228.3,1141.5,331.83,Online
11500,2025-10-13,Makkah,Clothing,Wool Scarf,3,74.03,222.09,81.86,Wholesale
10825,2025-06-18,Riyadh,Clothing,Running Shoes,2,323.45,646.9,206.93,Wholesale
12757,2026-05-06,Madinah,clothing,Denim Jacket,1,252.19,252.19,75.75,Wholesale
12383,2026-03-03,  MAKKAH  ,Beauty,Skincare Set,3,252.47,757.41,309.61,Online
11078,2025-07-31,Riyadh,Clothing,Running Shoes,,306.68,1226.72,392.51,Wholesale
12710,2026-04-28,Riyadh,sports,Sports Bottle,6,40.22,241.32,70.77,Retail
13199,2026-07-21,Dammam,Clothing,Wool Scarf,5,81.65,$408.25,168.29,Retail
11078,2025-07-31,Riyadh,Clothing,Running Shoes,,306.68,1226.72,392.51,Wholesale
11662,2025-11-08,Jeddah,Electronics,Laptop Stand,5,74.21,$371.05,114.35,Retail
13049,2026-06-26,Jeddah,Home & Kitchen,Blender,1,218.49,218.49,SAR 86.98,Retail
11730,2025-11-18,Makkah,Home & Kitchen,Blender,5,193.66,968.3,328.14,Online
10482,2025-04-22,Riyadh,sports,Cycling Helmet,3,224.74,674.22,294.8,Retail
10169,2025-03-02,Riyadh,Beauty,Skincare Set,4,293.9,"$1,175.60",473.11,Online
10854,2025-06-22,,Electronics,Bluetooth Speaker,3,197.44,592.32,228.39,Retail
10366,2025-04-05,Riyadh,Electronics,Power Bank,4,88.49,$353.96,130.64,Online
11207,2025-08-21,Jeddah,Sports,Resistance Bands,1,61.97,61.97,23.58,
10565,2025-05-06,  RIYADH  ,electronics,Power Bank,3,84.76,$254.28,80.99,Online
12291,2026-02-15,  MAKKAH  ,Beauty,Makeup Kit,,220.64,"$1,323.84",436.3,Online
10218,2025-03-10,Madinah,Sports,Cycling Helmet,2,197.2,$394.40,115.93,Wholesale
10819,2025-06-18,  RIYADH  ,Sports,Resistance Bands,2,55.34,110.68,32.93,Online
12300,2026-02-16,Dammam,Clothing,Wool Scarf,2,74.83,149.66,55.27,Wholesale
13150,2026-07-14,Makkah,Sports,Cycling Helmet,6,191.39,1148.34,381.51,
13258,2026-07-30,Riyadh,Clothing,Running Shoes,2,313.25,626.5,200.98,Retail
10173,2025-03-03,  DAMMAM  ,clothing,Denim Jacket,5,236.87,1184.35,365.88,Online
12338,2026-02-23,Madinah,Beauty,Hair Dryer,4,151.33,605.32,240.06,Wholesale
10272,2025-03-21,Dammam,Sports,Resistance Bands,1,56.8,56.8,19.43,Online
11404,2025-09-28,Dammam,Clothing,Denim Jacket,6,282.27,1693.62,697.33,Online
11698,2025-11-14,Madinah,Sports,Resistance Bands,5,62.21,311.05,118.62,
11260,2025-08-31,Dammam,Electronics,Smart Watch,1,450.78,450.78,168.99,Wholesale
10309,2025-03-28,Riyadh,clothing,Cotton T-Shirt,5,67.52,337.6,SAR 142.86,Online
12286,2026-02-14,Jeddah,Beauty,Makeup Kit,2,199.28,398.56,138.62,Wholesale
12600,2026-04-08,Riyadh,Electronics,Laptop Stand,2,62.11,124.22,53.52,Wholesale
11007,2025-07-18,Jeddah,Clothing,Denim Jacket,1,226.66,226.66,89.8,Retail
10864,2025-06-24,  MADINAH  ,Sports,Resistance Bands,1,54.78,54.78,21.55,Wholesale
13234,2026-07-27,Dammam,Home & Kitchen,Air Fryer,2,340.22,680.44,223.53,Retail
10950,2025-07-07,Jeddah,Clothing,Cotton T-Shirt,,53.47,106.94,30.01,Retail
11566,2025-10-24,Makkah,electronics,Bluetooth Speaker,6,201.56,1209.36,457.92,Retail
10559,2025-05-05,Dammam,Electronics,Smart Watch,3,381.38,1144.14,345.37,Wholesale
11162,2025-08-13,Madinah,Clothing,Cotton T-Shirt,3,64.45,193.35,82.14,Wholesale
11160,2025-08-13,Dammam,Electronics,Smart Watch,2,360.48,720.96,310.72,Retail
12229,2026-02-06,Jeddah,Electronics,Bluetooth Speaker,3,183.14,549.42,215.15,Retail
11544,2025-10-21,Jeddah,Electronics,Bluetooth Speaker,4,223.7,894.8,326.06,Online
11284,2025-09-05,  JEDDAH  ,Electronics,Laptop Stand,5,,326.8,117.31,Retail
11200,2025-08-19,Madinah,Clothing,Wool Scarf,5,85.67,$428.35,185.09,Online
11967,2025-12-24,Jeddah,Sports,Sports Bottle,3,,$121.95,42.82,Retail
11413,2025-09-29,Dammam,Sports,Sports Bottle,2,41.21,82.42,31.43,Retail
12905,2026-05-29,Riyadh,Electronics,Smart Watch,2,402.76,$805.52,319.52,Online
12512,2026-03-24,Madinah,Electronics,Smart Watch,2,441.33,882.66,353.84,Online
11035,2025-07-22,Dammam,Home & Kitchen,Blender,1,205.69,205.69,80.26,Retail
10115,2025-02-22,Madinah,Clothing,Leather Belt,,100.25,401.0,150.27,Online
12532,2026-03-26,Riyadh,Electronics,Power Bank,4,86.95,347.8,109.68,Wholesale
10770,2025-06-11,  DAMMAM  ,Sports,Resistance Bands,4,53.11,212.44,72.56,
12065,2026-01-09,Madinah,Sports,Yoga Mat,4,98.19,392.76,134.8,Wholesale
11973,2025-12-25,Makkah,Home & Kitchen,Air Fryer,4,343.98,1375.92,458.48,Retail
10986,2025-07-15,  MAKKAH  ,Home & Kitchen,Coffee Maker,6,283.13,"$1,698.78",599.73,Online
10519,2025-04-28,Riyadh,Beauty,Face Serum,3,141.41,424.23,156.94,Online
11319,2025-09-10,Dammam,Home & Kitchen,Non-stick Pan Set,5,253.24,1266.2,386.86,Wholesale
11517,2025-10-15,  DAMMAM  ,Beauty,Makeup Kit,3,241.49,724.47,238.41,Retail
11424,2025-10-01,Riyadh,Sports,Resistance Bands,1,54.35,54.35,23.31,Wholesale
10225,2025-03-12,  JEDDAH  ,Clothing,Denim Jacket,1,242.51,242.51,76.64,Online
12344,2026-02-24,Madinah,clothing,Cotton T-Shirt,4,58.48,233.92,75.01,Retail
12527,2026-03-26,Dammam,Beauty,Makeup Kit,2,198.23,396.46,119.13,Online
10723,2025-06-01,Jeddah,Electronics,Bluetooth Speaker,2,206.73,413.46,125.87,Retail
11826,2025-12-03,Dammam,Clothing,Leather Belt,4,102.6,410.4,SAR 162.84,Online
12763,2026-05-07,Madinah,Beauty,Skincare Set,5,242.84,1214.2,396.49,Wholesale
11052,2025-07-25,Jeddah,Beauty,Face Serum,3,120.09,360.27,155.37,Retail
11808,2025-11-30,Riyadh,Electronics,Laptop Stand,2,68.35,136.7,SAR 56.90,Retail
11245,2025-08-28,Jeddah,Beauty,Makeup Kit,1,212.47,212.47,62.94,Online
10384,2025-04-07,Makkah,Home & Kitchen,Non-stick Pan Set,1,226.77,$226.77,SAR 65.65,Online
10263,2025-03-19,Dammam,Beauty,Hair Dryer,1,148.5,148.5,64.96,Retail
10184,2025-03-05,  RIYADH  ,Sports,Dumbbell Set,4,252.21,1008.84,414.79,Wholesale
13029,2026-06-22,Riyadh,sports,Dumbbell Set,2,251.36,502.72,192.94,Retail
12397,2026-03-05,Dammam,Clothing,Denim Jacket,4,233.36,933.44,395.42,
10735,2025-06-04,Madinah,Beauty,Perfume,2,330.14,660.28,294.53,Online
10018,2025-02-03,Madinah,Electronics,Power Bank,4,93.36,373.44,SAR 138.33,Wholesale
10117,2025-02-22,  JEDDAH  ,Clothing,Running Shoes,6,275.17,1651.02,675.64,
12533,2026-03-26,Madinah,Sports,Cycling Helmet,5,224.68,1123.4,SAR 501.23,Retail
10863,2025-06-23,Jeddah,Electronics,Smart Watch,6,387.19,"$2,323.14",733.34,Wholesale
10361,2025-04-04,Madinah,Beauty,Perfume,1,314.68,314.68,112.1,Retail
11478,2025-10-09,Jeddah,Home & Kitchen,Non-stick Pan Set,3,225.24,675.72,291.26,Online
10588,2025-05-11,Makkah,Beauty,Makeup Kit,4,,$939.48,346.38,Wholesale
12407,2026-03-07,Madinah,Beauty,Makeup Kit,2,236.56,473.12,179.29,Retail
13181,2026-07-19,Jeddah,Clothing,Denim Jacket,1,262.01,$262.01,103.13,Retail
10570,2025-05-07,Jeddah,electronics,Wireless Earbuds,3,169.43,508.29,189.33,Online
10621,2025-05-17,Jeddah,sports,Sports Bottle,2,40.08,80.16,25.21,Online
12309,2026-02-18,Riyadh,Home & Kitchen,Blender,4,193.07,$772.28,262.17,Wholesale
10627,2025-05-17,Jeddah,Sports,Resistance Bands,1,57.98,$57.98,19.1,Retail
11877,2025-12-10,Jeddah,Beauty,Perfume,,343.47,1030.41,305.51,Retail
12866,2026-05-23,Makkah,Beauty,Perfume,3,375.7,"$1,127.10",378.63,Retail
12045,2026-01-06,Makkah,Home & Kitchen,Non-stick Pan Set,5,261.75,1308.75,SAR 390.09,Wholesale
10257,2025-03-18,Makkah,Home & Kitchen,Vacuum Cleaner,6,640.84,3845.04,1107.47,Retail
10485,2025-04-23,Makkah,Beauty,Face Serum,4,,552.52,232.4,Retail
13050,2026-06-26,,Sports,Cycling Helmet,5,191.27,956.35,331.6,Online
10172,2025-03-03,Makkah,Electronics,Smart Watch,6,422.89,2537.34,722.92,Retail
11486,2025-10-10,Makkah,Beauty,Skincare Set,5,284.31,1421.55,SAR 599.36,Wholesale
10421,2025-04-13,Makkah,Electronics,Smart Watch,2,439.97,879.94,308.03,Wholesale
11672,2025-11-09,Madinah,Clothing,Denim Jacket,3,232.55,697.65,248.2,Wholesale
11149,2025-08-10,Makkah,Sports,Cycling Helmet,1,193.56,$193.56,72.71,Wholesale
10936,2025-07-04,Jeddah,Beauty,Skincare Set,2,291.12,582.24,193.15,Wholesale
10695,2025-05-29,Riyadh,Clothing,Wool Scarf,6,71.2,427.2,185.62,Retail
12968,2026-06-11,Riyadh,Sports,Sports Bottle,2,41.33,82.66,27.02,Online
10095,2025-02-18,Riyadh,Home & Kitchen,Vacuum Cleaner,1,658.34,658.34,SAR 232.92,Retail
11159,2025-08-12,  DAMMAM  ,Sports,Cycling Helmet,3,213.46,640.38,183.32,
12546,2026-03-29,Makkah,Home & Kitchen,Blender,5,185.06,925.3,302.38,Wholesale
10404,2025-04-10,Dammam,Sports,Sports Bottle,4,37.36,149.44,SAR 56.96,
11449,2025-10-05,Riyadh,Beauty,Face Serum,5,122.23,611.15,188.64,Retail
12686,2026-04-23,Makkah,Beauty,Perfume,,328.2,656.4,251.52,Retail
11619,2025-11-01,Riyadh,Electronics,Power Bank,2,,186.96,65.34,Retail
12847,2026-05-21,Madinah,sports,Yoga Mat,4,86.25,345.0,109.32,Online
12388,2026-03-04,Riyadh,Electronics,Wireless Earbuds,6,134.42,806.52,288.84,Wholesale
13110,2026-07-08,Dammam,Sports,Dumbbell Set,2,260.98,521.96,224.5,Wholesale
12641,2026-04-15,Makkah,Clothing,Leather Belt,2,99.09,198.18,69.33,Online
12733,2026-05-02,  RIYADH  ,electronics,Laptop Stand,4,65.23,260.92,93.83,Online
10316,2025-03-29,Jeddah,Electronics,Bluetooth Speaker,3,207.35,622.05,199.84,Retail
11313,2025-09-09,Makkah,Beauty,Hair Dryer,1,148.23,148.23,56.16,Online
12001,2025-12-29,Riyadh,Electronics,Smart Watch,3,401.71,1205.13,489.28,Retail
13071,2026-06-29,  DAMMAM  ,Clothing,Leather Belt,3,98.54,$295.62,103.75,Retail
12337,2026-02-23,Madinah,beauty,Perfume,5,332.03,1660.15,706.28,Retail
11809,2025-11-30,Madinah,Beauty,Hair Dryer,3,174.95,524.85,154.93,Wholesale
12699,2026-04-26,  JEDDAH  ,Sports,Yoga Mat,1,97.43,97.43,33.19,Retail
13139,2026-07-12,Madinah,Clothing,Leather Belt,5,111.2,556.0,186.57,Retail
10205,2025-03-08,Riyadh,Beauty,Face Serum,3,,364.92,105.43,Wholesale
10949,2025-07-07,Makkah,Electronics,Bluetooth Speaker,4,183.32,733.28,251.09,Online
11558,2025-10-23,Riyadh,Clothing,Cotton T-Shirt,3,58.64,175.92,62.11,Retail
13147,2026-07-14,Dammam,Sports,Dumbbell Set,1,263.62,263.62,76.76,Online
12925,2026-06-01,  MADINAH  ,Electronics,Smart Watch,6,453.57,2721.42,899.65,Retail
11031,2025-07-21,Jeddah,Sports,Yoga Mat,2,87.21,174.42,52.45,Retail
11509,2025-10-14,Dammam,Home & Kitchen,Non-stick Pan Set,2,220.06,440.12,SAR 157.39,Wholesale
10824,2025-06-18,Makkah,Clothing,Leather Belt,2,96.96,193.92,68.89,Online
10081,2025-02-15,  JEDDAH  ,Electronics,Power Bank,4,87.46,349.84,129.72,Retail
11906,2025-12-14,Dammam,Electronics,Laptop Stand,1,68.26,68.26,30.29,Online
12830,2026-05-18,Dammam,Home & Kitchen,Blender,4,181.76,727.04,SAR 261.45,Online
12608,2026-04-09,Makkah,Sports,Cycling Helmet,2,184.19,368.38,153.66,Online
11987,2025-12-27,  RIYADH  ,Beauty,Hair Dryer,,146.04,876.24,248.75,Online
12834,2026-05-19,Madinah,Sports,Cycling Helmet,4,,913.04,328.96,Retail
12744,2026-05-04,Makkah,Sports,Cycling Helmet,4,210.88,843.52,286.66,Retail
12902,2026-05-28,Makkah,Sports,Sports Bottle,1,40.96,40.96,13.65,Retail
11516,2025-10-15,Makkah,Clothing,Running Shoes,5,330.21,1651.05,645.19,Retail
10093,2025-02-17,Riyadh,Clothing,Running Shoes,1,312.36,312.36,91.24,Online
11267,2025-09-01,Makkah,Beauty,Skincare Set,4,245.14,$980.56,418.3,Retail
12897,2026-05-27,Madinah,Electronics,Bluetooth Speaker,3,181.74,545.22,169.69,Wholesale
11072,2025-07-29,Dammam,home & kitchen,Vacuum Cleaner,1,653.69,653.69,224.69,Wholesale
12026,2026-01-03,  MADINAH  ,Home & Kitchen,Vacuum Cleaner,6,,3878.22,1430.19,Online
11478,2025-10-09,Jeddah,Home & Kitchen,Non-stick Pan Set,3,225.24,675.72,291.26,Online
12254,2026-02-09,Riyadh,Clothing,Denim Jacket,1,248.85,248.85,96.02,Retail
10585,2025-05-10,Riyadh,home & kitchen,Blender,6,194.66,"$1,167.96",SAR 378.94,Retail
11276,2025-09-03,Dammam,Beauty,Hair Dryer,4,150.42,601.68,169.51,Wholesale
13208,2026-07-22,Makkah,Clothing,Leather Belt,4,103.67,$414.68,182.0,Wholesale
11595,2025-10-28,Madinah,Clothing,Wool Scarf,3,84.12,$252.36,101.77,Retail
11895,2025-12-12,Makkah,Electronics,Bluetooth Speaker,4,188.03,$752.12,287.54,Online
11645,2025-11-04,Jeddah,Electronics,Wireless Earbuds,1,155.53,155.53,63.68,Online
12375,2026-03-01,Makkah,Sports,Cycling Helmet,3,228.37,685.11,283.77,Retail
10136,2025-02-25,  JEDDAH  ,Sports,Cycling Helmet,6,222.85,1337.1,405.3,Wholesale
11270,2025-09-01,  DAMMAM  ,Home & Kitchen,Air Fryer,5,365.27,1826.35,611.26,Retail
11034,2025-07-22,Jeddah,Electronics,Laptop Stand,2,71.48,142.96,43.13,Online
11460,2025-10-06,Dammam,Clothing,Wool Scarf,4,78.49,313.96,121.83,Retail
10292,2025-03-24,Jeddah,Sports,Cycling Helmet,2,195.42,390.84,135.14,Retail
10651,2025-05-21,Jeddah,sports,Yoga Mat,5,90.36,451.8,161.09,Wholesale
11079,2025-07-31,  JEDDAH  ,sports,Resistance Bands,3,67.4,202.2,84.05,Online
10487,2025-04-24,Jeddah,Home & Kitchen,Non-stick Pan Set,4,256.64,1026.56,378.35,Retail
12887,2026-05-26,Jeddah,Beauty,Makeup Kit,2,229.69,459.38,184.93,Wholesale
12319,2026-02-20,Jeddah,Clothing,Leather Belt,6,109.65,657.9,SAR 275.58,Online
11279,2025-09-04,Jeddah,Home & Kitchen,Coffee Maker,3,310.22,930.66,379.88,Retail
13228,2026-07-27,Dammam,Electronics,Bluetooth Speaker,6,204.2,"$1,225.20",394.95,Online
10899,2025-06-29,Madinah,Electronics,Smart Watch,6,373.98,2243.88,807.09,Wholesale
11226,2025-08-25,Riyadh,Electronics,Smart Watch,2,434.13,868.26,304.22,Wholesale
12525,2026-03-25,Riyadh,Beauty,Makeup Kit,2,205.58,411.16,180.44,Online
13126,2026-07-10,Jeddah,Beauty,Hair Dryer,2,146.09,$292.18,SAR 122.39,Wholesale
10838,2025-06-20,Makkah,Clothing,Wool Scarf,3,83.21,249.63,110.02,Online
12378,2026-03-02,Madinah,Sports,Cycling Helmet,6,195.55,"$1,173.30",395.36,Online
11830,2025-12-03,Riyadh,Beauty,Perfume,2,368.73,737.46,SAR 266.09,Retail
10498,2025-04-25,  JEDDAH  ,Electronics,Laptop Stand,4,62.11,248.44,73.03,Retail
11134,2025-08-08,Jeddah,Electronics,Bluetooth Speaker,1,189.24,$189.24,76.02,Retail
12572,2026-04-01,  MADINAH  ,Clothing,Denim Jacket,2,230.85,$461.70,141.9,Retail
12845,2026-05-20,Madinah,Electronics,Bluetooth Speaker,,197.64,395.28,124.33,Wholesale
11333,2025-09-13,Jeddah,Clothing,Running Shoes,2,284.05,568.1,254.1,Retail
11367,2025-09-21,Makkah,Beauty,Skincare Set,1,266.68,$266.68,111.45,Wholesale
12133,2026-01-22,Jeddah,Electronics,Wireless Earbuds,2,150.34,300.68,SAR 116.35,Online
10617,2025-05-16,Makkah,Sports,Resistance Bands,4,65.02,260.08,SAR 93.92,Retail
12884,2026-05-26,  RIYADH  ,electronics,Power Bank,3,100.26,300.78,92.91,Online
11892,2025-12-12,  MADINAH  ,Electronics,Laptop Stand,5,75.07,$375.35,110.55,Online
12351,2026-02-25,Jeddah,sports,Dumbbell Set,2,273.09,546.18,215.56,Retail
12933,2026-06-03,Dammam,Clothing,Wool Scarf,1,75.66,75.66,SAR 23.20,Wholesale
10251,2025-03-18,Dammam,Beauty,Perfume,6,352.47,2114.82,607.8,Wholesale
10965,2025-07-10,Madinah,Electronics,Laptop Stand,2,74.47,148.94,SAR 51.53,Retail
11692,2025-11-13,Madinah,Beauty,Face Serum,3,147.15,441.45,163.54,Online
12205,2026-02-02,Makkah,Sports,Resistance Bands,2,56.57,113.14,32.77,Retail
11080,2025-07-31,Riyadh,Sports,Dumbbell Set,3,240.61,721.83,288.34,Online
12486,2026-03-19,Makkah,Sports,Dumbbell Set,1,270.1,270.1,76.51,Online
10527,2025-04-30,Jeddah,Clothing,Cotton T-Shirt,4,54.26,217.04,72.46,Retail
12693,2026-04-25,,home & kitchen,Non-stick Pan Set,6,251.36,1508.16,457.42,Online
12961,2026-06-09,Madinah,Sports,Sports Bottle,3,38.63,115.89,46.18,Wholesale
11380,2025-09-23,Makkah,Beauty,Makeup Kit,5,220.61,1103.05,426.84,Wholesale
12521,2026-03-25,Jeddah,Clothing,Cotton T-Shirt,1,57.05,57.05,SAR 25.22,Retail
12136,2026-01-22,Jeddah,Home & Kitchen,Non-stick Pan Set,2,257.71,515.42,226.99,Wholesale
12328,2026-02-22,Dammam,Home & Kitchen,Non-stick Pan Set,2,219.3,438.6,SAR 151.27,Online
12726,2026-05-01,Riyadh,Sports,Yoga Mat,1,84.71,84.71,26.51,Online
11741,2025-11-20,Dammam,sports,Sports Bottle,4,40.68,162.72,SAR 57.50,Online
10196,2025-03-07,Dammam,Home & Kitchen,Blender,5,208.76,1043.8,312.96,Retail
13172,2026-07-17,Dammam,clothing,Cotton T-Shirt,3,58.81,$176.43,SAR 76.48,Wholesale
11104,2025-08-04,Dammam,Home & Kitchen,Air Fryer,2,340.05,680.1,206.68,Retail
13121,2026-07-10,Madinah,Electronics,Power Bank,3,102.1,306.3,SAR 98.78,Online
10800,2025-06-14,  JEDDAH  ,Clothing,Running Shoes,1,304.67,304.67,98.5,Online
11422,2025-09-30,Riyadh,Clothing,Cotton T-Shirt,2,65.81,131.62,43.67,Retail
11364,2025-09-21,Makkah,Clothing,Denim Jacket,4,,905.0,282.15,Online
12446,2026-03-13,Dammam,Electronics,Power Bank,1,87.04,87.04,26.18,Retail
11403,2025-09-28,Madinah,Beauty,Hair Dryer,4,154.69,618.76,176.78,Retail
12609,2026-04-09,  MAKKAH  ,clothing,Leather Belt,5,97.52,$487.60,150.64,Online
10870,2025-06-25,  MADINAH  ,Clothing,Leather Belt,5,98.74,$493.70,SAR 172.21,Wholesale
11520,2025-10-16,Dammam,clothing,Denim Jacket,4,246.05,984.2,360.2,Wholesale
11791,2025-11-27,Dammam,Clothing,Leather Belt,6,109.83,658.98,226.4,Online
13008,2026-06-18,Jeddah,sports,Cycling Helmet,6,226.95,"$1,361.70",449.31,Wholesale
11891,2025-12-12,Riyadh,Clothing,Leather Belt,2,108.1,216.2,83.72,Wholesale
10315,2025-03-29,Dammam,Clothing,Cotton T-Shirt,3,55.5,166.5,61.94,Wholesale
10398,2025-04-09,  MADINAH  ,Sports,Cycling Helmet,6,207.72,1246.32,466.39,Wholesale
11126,2025-08-07,Makkah,home & kitchen,Coffee Maker,5,253.97,1269.85,532.71,Retail
12059,2026-01-08,  DAMMAM  ,Home & Kitchen,Air Fryer,1,322.92,322.92,101.07,Retail
12201,2026-02-02,Jeddah,Sports,Dumbbell Set,2,230.0,460.0,176.4,Retail
11660,2025-11-07,Riyadh,Home & Kitchen,Vacuum Cleaner,4,686.95,2747.8,827.26,Retail
11725,2025-11-17,Riyadh,Sports,Yoga Mat,2,89.29,178.58,57.51,Online
10804,2025-06-15,Madinah,Electronics,Wireless Earbuds,6,149.51,897.06,347.97,Retail
11668,2025-11-09,Madinah,Clothing,Cotton T-Shirt,6,57.09,342.54,96.15,Retail
13151,2026-07-14,  MAKKAH  ,Clothing,Cotton T-Shirt,,65.22,$391.32,166.07,Wholesale
11998,2025-12-29,Jeddah,Electronics,Power Bank,3,,271.38,81.09,Online
13048,2026-06-26,Makkah,Clothing,Running Shoes,3,,$976.32,294.17,Wholesale
11105,2025-08-05,Dammam,Beauty,Face Serum,3,144.04,$432.12,133.98,Wholesale
12858,2026-05-23,Riyadh,Sports,Dumbbell Set,5,251.08,"$1,255.40",446.39,Online
12651,2026-04-17,Makkah,Beauty,Skincare Set,1,248.52,248.52,93.83,Wholesale
12919,2026-05-31,Makkah,Sports,Yoga Mat,1,92.26,$92.26,SAR 30.27,Wholesale
11369,2025-09-21,Makkah,Sports,Resistance Bands,6,59.17,$355.02,106.87,Online
10581,2025-05-10,Riyadh,Sports,Sports Bottle,2,41.81,83.62,30.8,Retail
10607,2025-05-13,Makkah,Clothing,Wool Scarf,2,85.26,170.52,73.61,Wholesale
12358,2026-02-26,Madinah,Beauty,Hair Dryer,5,,886.0,379.69,Retail
12694,2026-04-25,Jeddah,clothing,Cotton T-Shirt,1,57.01,57.01,20.28,Online
12882,2026-05-26,  RIYADH  ,Home & Kitchen,Coffee Maker,4,254.81,"$1,019.24",359.98,Retail
11605,2025-10-29,Jeddah,Home & Kitchen,Blender,4,,$756.04,328.4,Online
13227,2026-07-27,Dammam,Clothing,Leather Belt,4,111.98,447.92,157.0,Retail
11483,2025-10-10,Madinah,Home & Kitchen,Blender,6,202.69,1216.14,389.93,Online
13192,2026-07-20,  DAMMAM  ,electronics,Power Bank,1,101.85,101.85,40.16,Wholesale
11013,2025-07-19,Riyadh,Beauty,Face Serum,2,137.97,275.94,118.69,Retail
11677,2025-11-10,  JEDDAH  ,Sports,Cycling Helmet,3,185.43,556.29,198.95,Online
11910,2025-12-15,Riyadh,Beauty,Skincare Set,6,238.2,1429.2,417.81,Online
11898,2025-12-13,Makkah,Beauty,Perfume,1,340.53,$340.53,138.27,Online
12485,2026-03-19,Madinah,clothing,Leather Belt,3,89.1,$267.30,88.64,Wholesale
13115,2026-07-09,Madinah,Home & Kitchen,Air Fryer,2,331.97,663.94,286.7,Online
12372,2026-03-01,Makkah,Home & Kitchen,Coffee Maker,2,304.26,608.52,SAR 253.52,Online
12530,2026-03-26,Jeddah,Home & Kitchen,Blender,3,222.2,666.6,295.17,Wholesale
11495,2025-10-12,Dammam,Electronics,Laptop Stand,3,74.56,223.68,85.13,Online
12750,2026-05-05,Makkah,electronics,Wireless Earbuds,6,164.74,988.44,SAR 400.42,Wholesale
12799,2026-05-13,Dammam,Beauty,Makeup Kit,2,197.89,395.78,124.91,Wholesale
12865,2026-05-23,Dammam,Clothing,Cotton T-Shirt,4,58.43,233.72,84.89,Retail
12195,2026-02-01,Madinah,Electronics,Laptop Stand,3,74.64,223.92,SAR 88.62,Wholesale
11471,2025-10-08,Madinah,Sports,Dumbbell Set,2,285.89,571.78,199.84,Online
10831,2025-06-19,Jeddah,Electronics,Power Bank,1,,$100.69,29.05,Retail
11265,2025-09-01,Madinah,Home & Kitchen,Vacuum Cleaner,2,555.27,1110.54,497.42,Online
10886,2025-06-28,Madinah,Electronics,Power Bank,5,83.03,415.15,129.45,Online
12097,2026-01-14,Dammam,Electronics,Wireless Earbuds,4,155.48,621.92,179.53,Wholesale
11992,2025-12-28,Jeddah,Beauty,Makeup Kit,3,207.99,$623.97,177.74,Wholesale
11752,2025-11-22,  DAMMAM  ,Home & Kitchen,Air Fryer,6,387.82,"$2,326.92",711.11,Online
12539,2026-03-27,Makkah,Electronics,Laptop Stand,1,72.56,72.56,30.2,Online
12531,2026-03-26,Jeddah,Home & Kitchen,Blender,5,213.09,1065.45,426.23,Online
10609,2025-05-14,Makkah,Electronics,Laptop Stand,6,62.94,377.64,109.89,Online
10861,2025-06-23,Riyadh,Electronics,Power Bank,6,97.83,586.98,190.55,Retail
10475,2025-04-22,Madinah,Electronics,Smart Watch,1,375.5,375.5,SAR 139.22,Wholesale
10778,2025-06-11,Makkah,Electronics,Bluetooth Speaker,5,216.09,1080.45,322.65,
10763,2025-06-10,Makkah,Sports,Dumbbell Set,3,272.08,816.24,332.8,Wholesale
12142,2026-01-23,Madinah,Electronics,Power Bank,5,82.76,413.8,170.42,Online
12078,2026-01-11,Dammam,Sports,Cycling Helmet,1,195.21,195.21,SAR 80.38,Retail
10658,2025-05-22,Makkah,Sports,Yoga Mat,2,94.46,188.92,SAR 82.38,Wholesale
13197,2026-07-21,Makkah,Electronics,Bluetooth Speaker,5,194.04,970.2,SAR 303.69,Online
12648,2026-04-16,Dammam,sports,Dumbbell Set,3,273.49,820.47,357.21,Wholesale
11353,2025-09-19,Jeddah,Beauty,Hair Dryer,5,153.0,765.0,307.14,Wholesale
12087,2026-01-13,Dammam,Sports,Dumbbell Set,4,240.85,963.4,296.51,Wholesale
10894,2025-06-28,Dammam,Clothing,Leather Belt,4,108.51,434.04,SAR 163.19,Wholesale
10231,2025-03-13,Madinah,Sports,Sports Bottle,2,,86.12,27.02,Retail
12996,2026-06-15,Jeddah,Clothing,Cotton T-Shirt,3,55.85,167.55,62.21,Retail
12774,2026-05-08,  MADINAH  ,Electronics,Power Bank,2,102.02,204.04,78.11,Retail
11674,2025-11-10,Riyadh,Clothing,Leather Belt,4,106.28,$425.12,154.89,Online
10806,2025-06-15,Madinah,Beauty,Skincare Set,2,261.62,523.24,153.25,Retail
11607,2025-10-30,Dammam,Clothing,Denim Jacket,6,276.77,"$1,660.62",544.75,Wholesale
11445,2025-10-04,Jeddah,Home & Kitchen,Air Fryer,3,349.57,"$1,048.71",416.16,Retail
12526,2026-03-25,Makkah,sports,Resistance Bands,6,55.62,333.72,117.76,Online
10254,2025-03-18,Dammam,Electronics,Wireless Earbuds,3,158.72,476.16,189.46,Online
12704,2026-04-27,Jeddah,Electronics,Power Bank,4,90.48,361.92,122.25,
11458,2025-10-06,Jeddah,Beauty,Makeup Kit,1,202.65,$202.65,74.24,
10531,2025-05-01,Jeddah,Sports,Cycling Helmet,5,216.83,1084.15,314.68,Retail
13076,2026-06-30,Jeddah,Clothing,Denim Jacket,5,285.98,1429.9,491.87,Retail
13097,2026-07-06,  DAMMAM  ,Clothing,Leather Belt,3,107.3,321.9,SAR 95.75,Retail
11206,2025-08-21,Madinah,Sports,Yoga Mat,6,84.83,508.98,SAR 188.08,Online
12384,2026-03-04,Riyadh,Home & Kitchen,Air Fryer,,349.52,"$1,398.08",526.42,Wholesale
10236,2025-03-14,Riyadh,Home & Kitchen,Air Fryer,6,370.81,2224.86,701.87,Retail
12590,2026-04-05,Dammam,Electronics,Power Bank,4,97.31,389.24,118.06,Online
12413,2026-03-07,Dammam,Electronics,Power Bank,5,94.05,470.25,148.31,Wholesale
11424,2025-10-01,Riyadh,Sports,Resistance Bands,1,54.35,54.35,23.31,Wholesale
11803,2025-11-29,Riyadh,Sports,Resistance Bands,3,63.06,189.18,71.91,Wholesale
11416,2025-09-30,Dammam,Electronics,Wireless Earbuds,1,137.18,137.18,50.32,Online
11153,2025-08-11,Dammam,Home & Kitchen,Vacuum Cleaner,1,654.2,654.2,292.58,Online
11378,2025-09-22,Riyadh,Home & Kitchen,Air Fryer,6,364.92,2189.52,617.67,Retail
11953,2025-12-21,Riyadh,Clothing,Leather Belt,,92.77,278.31,124.67,Wholesale
11551,2025-10-22,  MADINAH  ,Electronics,Power Bank,1,90.22,$90.22,38.0,Wholesale
10515,2025-04-28,  JEDDAH  ,Clothing,Wool Scarf,6,82.04,492.24,144.06,Online
13152,2026-07-14,Makkah,Home & Kitchen,Non-stick Pan Set,5,228.11,1140.55,480.13,Wholesale
12470,2026-03-16,Riyadh,Home & Kitchen,Vacuum Cleaner,3,650.87,1952.61,871.94,Online
10929,2025-07-03,  RIYADH  ,electronics,Laptop Stand,6,68.2,$409.20,125.41,Online
10201,2025-03-08,  DAMMAM  ,Clothing,Denim Jacket,3,242.12,726.36,312.05,Wholesale
11114,2025-08-06,  RIYADH  ,Electronics,Laptop Stand,6,72.66,435.96,179.23,Retail
13004,2026-06-17,Madinah,Home & Kitchen,Air Fryer,4,348.75,1395.0,412.56,Online
12218,2026-02-04,Madinah,Electronics,Bluetooth Speaker,6,182.11,"$1,092.66",327.35,Online
10959,2025-07-08,Jeddah,Home & Kitchen,Coffee Maker,1,,292.47,114.93,Retail
12892,2026-05-27,Jeddah,Home & Kitchen,Non-stick Pan Set,3,236.1,708.3,212.62,Retail
11209,2025-08-21,  DAMMAM  ,Home & Kitchen,Blender,4,180.49,$721.96,307.35,Online
10460,2025-04-19,Riyadh,Clothing,Leather Belt,1,90.19,$90.19,27.35,Retail
11780,2025-11-26,Jeddah,Electronics,Smart Watch,4,410.88,1643.52,578.89,Online
10422,2025-04-13,Madinah,Beauty,Hair Dryer,5,148.63,743.15,SAR 308.31,Retail
11602,2025-10-29,  MADINAH  ,Sports,Yoga Mat,2,91.71,$183.42,74.6,Retail
13225,2026-07-26,Riyadh,Home & Kitchen,Blender,5,179.66,$898.30,SAR 278.85,Online
10005,2025-02-01,Makkah,Home & Kitchen,Blender,2,189.81,$379.62,121.56,Retail
11337,2025-09-15,Jeddah,Clothing,Cotton T-Shirt,3,,173.61,77.68,Online
11372,2025-09-22,Makkah,Sports,Sports Bottle,6,37.91,227.46,85.69,Retail
11856,2025-12-07,Madinah,Electronics,Power Bank,,94.17,470.85,172.64,Wholesale
10495,2025-04-25,Jeddah,Clothing,Leather Belt,3,109.05,327.15,108.42,Online
11011,2025-07-19,Jeddah,Electronics,Laptop Stand,5,67.81,339.05,SAR 111.91,Wholesale
11412,2025-09-29,Riyadh,home & kitchen,Non-stick Pan Set,2,260.2,$520.40,223.8,Online
11490,2025-10-11,Madinah,Clothing,Leather Belt,6,89.32,535.92,SAR 156.56,Online
12615,2026-04-11,Riyadh,Home & Kitchen,Air Fryer,4,361.27,"$1,445.08",629.56,Retail
10590,2025-05-11,Riyadh,Beauty,Skincare Set,,285.05,1140.2,381.59,Retail
12489,2026-03-20,  MAKKAH  ,Clothing,Leather Belt,2,89.88,$179.76,58.71,Online
10480,2025-04-22,  JEDDAH  ,Electronics,Power Bank,1,97.99,97.99,41.77,Retail
10059,2025-02-10,  JEDDAH  ,Beauty,Makeup Kit,3,242.02,726.06,219.18,Retail
11059,2025-07-27,  JEDDAH  ,Beauty,Perfume,3,380.83,"$1,142.49",365.35,
12013,2025-12-31,Makkah,Beauty,Perfume,1,345.05,$345.05,99.8,Retail
11057,2025-07-26,  MADINAH  ,Electronics,Wireless Earbuds,2,148.81,297.62,98.76,Retail
12828,2026-05-17,Riyadh,sports,Yoga Mat,6,99.52,597.12,223.98,Online
11578,2025-10-26,Jeddah,Sports,Cycling Helmet,2,206.1,412.2,158.75,Online
12287,2026-02-14,Riyadh,Clothing,Cotton T-Shirt,2,,$120.42,49.09,Wholesale
12825,2026-05-17,Dammam,Home & Kitchen,Coffee Maker,1,278.07,$278.07,78.13,Retail
13045,2026-06-25,Jeddah,Sports,Dumbbell Set,4,249.84,999.36,414.65,Wholesale
11285,2025-09-05,Dammam,Clothing,Cotton T-Shirt,6,64.84,389.04,117.34,Online
11853,2025-12-07,Makkah,Home & Kitchen,Vacuum Cleaner,2,539.94,1079.88,428.96,Retail
13238,2026-07-28,Riyadh,Home & Kitchen,Vacuum Cleaner,3,685.17,2055.51,583.73,Wholesale
12261,2026-02-10,Jeddah,Home & Kitchen,Blender,4,187.75,751.0,286.65,Wholesale
10891,2025-06-28,Madinah,Sports,Dumbbell Set,,230.51,1152.55,358.46,Retail
11545,2025-10-21,  JEDDAH  ,Electronics,Laptop Stand,4,70.33,$281.32,SAR 85.04,
13202,2026-07-21,Madinah,sports,Dumbbell Set,5,,1141.75,359.6,Wholesale
10434,2025-04-15,Jeddah,Clothing,Running Shoes,2,334.46,668.92,201.33,Retail
12523,2026-03-25,Riyadh,Home & Kitchen,Blender,6,187.93,"$1,127.58",325.6,Wholesale
10267,2025-03-20,Madinah,Clothing,Leather Belt,1,90.73,90.73,34.69,Online
13168,2026-07-17,  MAKKAH  ,home & kitchen,Vacuum Cleaner,5,574.58,2872.9,1002.21,Wholesale
12511,2026-03-23,Riyadh,Sports,Dumbbell Set,5,265.69,"$1,328.45",475.85,Wholesale
10696,2025-05-29,Makkah,Sports,Sports Bottle,1,35.72,35.72,14.73,Retail
11762,2025-11-24,Riyadh,Sports,Sports Bottle,6,40.21,241.26,90.48,Wholesale
12272,2026-02-12,Dammam,Clothing,Wool Scarf,3,87.4,262.2,93.83,Retail
10365,2025-04-05,  MADINAH  ,Clothing,Denim Jacket,3,266.68,800.04,244.7,Online
11118,2025-08-06,Makkah,Electronics,Smart Watch,6,379.36,2276.16,658.2,Wholesale
10216,2025-03-10,Jeddah,Electronics,Power Bank,1,98.14,98.14,SAR 30.19,Online
13211,2026-07-23,Riyadh,electronics,Wireless Earbuds,5,156.29,781.45,306.45,Retail
11829,2025-12-03,  JEDDAH  ,Sports,Yoga Mat,2,84.49,168.98,51.06,Retail
11746,2025-11-22,Jeddah,Beauty,Perfume,1,,352.48,SAR 130.67,Wholesale
12434,2026-03-11,Makkah,Clothing,Cotton T-Shirt,5,58.34,291.7,82.29,Wholesale
10576,2025-05-09,Riyadh,Beauty,Perfume,4,324.88,"$1,299.52",528.95,Online
11848,2025-12-06,Makkah,Home & Kitchen,Blender,5,194.87,974.35,425.5,Online
12547,2026-03-29,Riyadh,Sports,Dumbbell Set,4,247.0,$988.00,311.56,Retail
11589,2025-10-27,Makkah,clothing,Wool Scarf,6,74.53,447.18,132.5,Online
12816,2026-05-16,Madinah,clothing,Running Shoes,2,278.32,556.64,SAR 197.73,Retail
12716,2026-04-29,  RIYADH  ,Clothing,Cotton T-Shirt,2,67.7,135.4,39.52,Wholesale
10002,2025-02-01,Madinah,Electronics,Laptop Stand,4,62.65,250.6,SAR 108.78,Retail
13217,2026-07-25,Madinah,Electronics,Laptop Stand,1,65.19,65.19,28.54,Online
12437,2026-03-11,Madinah,Home & Kitchen,Air Fryer,5,384.84,1924.2,SAR 608.73,Online
12166,2026-01-27,Makkah,Clothing,Cotton T-Shirt,5,63.25,316.25,98.34,Wholesale
11858,2025-12-07,Jeddah,Clothing,Cotton T-Shirt,4,65.4,261.6,112.41,Wholesale
10443,2025-04-17,Makkah,Home & Kitchen,Non-stick Pan Set,3,251.39,754.17,307.61,Online
10714,2025-05-31,,Electronics,Power Bank,5,80.25,401.25,122.1,Retail
10320,2025-03-29,,Home & Kitchen,Coffee Maker,1,297.68,297.68,110.4,Retail
10981,2025-07-13,Jeddah,Home & Kitchen,Non-stick Pan Set,5,218.83,1094.15,319.85,
11536,2025-10-19,Makkah,Sports,Yoga Mat,2,88.83,177.66,SAR 55.11,Online
13084,2026-07-03,Riyadh,Beauty,Hair Dryer,2,169.41,$338.82,144.84,
12481,2026-03-19,Makkah,Electronics,Bluetooth Speaker,,208.38,1250.28,467.01,Retail
13185,2026-07-19,  MADINAH  ,Clothing,Running Shoes,1,305.66,305.66,SAR 133.29,Retail
10017,2025-02-02,Makkah,Electronics,Wireless Earbuds,1,,139.79,59.1,Online
11982,2025-12-27,  RIYADH  ,Home & Kitchen,Non-stick Pan Set,,224.75,$899.00,318.97,Retail
11064,2025-07-28,Madinah,Electronics,Wireless Earbuds,6,162.1,$972.60,310.76,Wholesale
12871,2026-05-24,Dammam,Home & Kitchen,Coffee Maker,1,308.53,308.53,120.66,Wholesale
12041,2026-01-05,Jeddah,Home & Kitchen,Vacuum Cleaner,5,655.9,3279.5,1161.96,Online
10521,2025-04-29,Makkah,electronics,Bluetooth Speaker,4,,808.96,332.92,Wholesale
10321,2025-03-30,Madinah,Home & Kitchen,Air Fryer,6,394.03,2364.18,945.3,Online
11924,2025-12-16,Madinah,Clothing,Leather Belt,3,103.08,309.24,117.32,Retail
11567,2025-10-24,Dammam,clothing,Cotton T-Shirt,1,66.3,66.3,25.0,Wholesale
10971,2025-07-11,Jeddah,Clothing,Cotton T-Shirt,4,60.69,242.76,106.32,
12844,2026-05-20,Madinah,Sports,Cycling Helmet,,203.02,1218.12,468.17,Retail
10260,2025-03-19,Makkah,Electronics,Laptop Stand,2,71.23,$142.46,54.47,Online
13082,2026-07-03,  MADINAH  ,sports,Resistance Bands,4,55.62,222.48,99.02,Wholesale
11983,2025-12-27,Jeddah,Sports,Cycling Helmet,4,221.71,886.84,382.97,Retail
10082,2025-02-15,Jeddah,Beauty,Perfume,5,396.64,"$1,983.20",885.85,Online
12794,2026-05-12,  JEDDAH  ,Beauty,Makeup Kit,2,219.59,439.18,144.67,Retail
11855,2025-12-07,Makkah,Beauty,Face Serum,6,138.81,832.86,335.97,Retail
10928,2025-07-03,Riyadh,Home & Kitchen,Non-stick Pan Set,4,244.94,979.76,SAR 280.70,Online
10988,2025-07-15,Makkah,Electronics,Wireless Earbuds,4,167.38,669.52,263.39,Retail
11117,2025-08-06,Riyadh,Electronics,Laptop Stand,4,75.44,301.76,88.17,Online
11306,2025-09-09,,Home & Kitchen,Blender,5,180.26,901.3,285.25,Retail
10045,2025-02-08,  RIYADH  ,beauty,Skincare Set,5,297.6,1488.0,651.07,Retail
11759,2025-11-23,Madinah,Home & Kitchen,Coffee Maker,4,309.04,1236.16,549.42,Online
10412,2025-04-11,Makkah,Sports,Dumbbell Set,5,247.99,"$1,239.95",518.82,Online
11766,2025-11-24,Makkah,Sports,Dumbbell Set,4,273.05,1092.2,448.83,Retail
10335,2025-04-01,Madinah,Beauty,Skincare Set,4,286.41,1145.64,467.33,Wholesale
11582,2025-10-27,  MAKKAH  ,Clothing,Denim Jacket,4,258.44,1033.76,445.07,
11192,2025-08-18,Jeddah,Sports,Cycling Helmet,5,211.54,1057.7,350.55,Online
12836,2026-05-19,Riyadh,Home & Kitchen,Non-stick Pan Set,6,213.97,"$1,283.82",495.47,Retail
11909,2025-12-14,Madinah,Sports,Sports Bottle,1,35.85,35.85,13.86,
11697,2025-11-14,Jeddah,Sports,Cycling Helmet,6,205.24,"$1,231.44",527.05,Wholesale
10914,2025-07-01,Riyadh,Clothing,Wool Scarf,6,85.75,514.5,147.52,Retail
10455,2025-04-18,Jeddah,electronics,Wireless Earbuds,6,139.21,$835.26,SAR 374.26,Wholesale
11777,2025-11-26,Makkah,Home & Kitchen,Non-stick Pan Set,2,235.22,470.44,164.67,Retail
12119,2026-01-18,Makkah,Sports,Cycling Helmet,2,204.41,$408.82,136.63,
10889,2025-06-28,Makkah,Clothing,Running Shoes,3,302.98,$908.94,404.35,Wholesale
10821,2025-06-18,Jeddah,Beauty,Hair Dryer,5,149.17,745.85,SAR 212.57,Online
10409,2025-04-11,Madinah,Beauty,Skincare Set,1,255.63,255.63,78.29,Online
11388,2025-09-25,Makkah,Home & Kitchen,Vacuum Cleaner,2,645.71,1291.42,390.17,Online
11714,2025-11-16,Dammam,Beauty,Skincare Set,1,268.45,268.45,SAR 80.10,Online
12989,2026-06-14,Dammam,clothing,Wool Scarf,5,86.85,$434.25,SAR 176.24,Online
11020,2025-07-20,Riyadh,Clothing,Wool Scarf,6,90.7,544.2,170.54,Wholesale
11320,2025-09-10,  JEDDAH  ,Clothing,Leather Belt,6,99.79,598.74,230.28,Online
11239,2025-08-27,Riyadh,Sports,Sports Bottle,,43.89,$43.89,14.73,Wholesale
10438,2025-04-16,Riyadh,Home & Kitchen,Air Fryer,,374.65,"$1,498.60",552.67,Retail
10801,2025-06-15,Dammam,Electronics,Power Bank,5,89.77,448.85,148.73,Retail
12479,2026-03-18,Makkah,Sports,Yoga Mat,1,95.25,95.25,27.06,Wholesale
12445,2026-03-13,Madinah,Electronics,Laptop Stand,5,77.11,385.55,137.71,Online
11202,2025-08-20,Riyadh,Electronics,Power Bank,2,90.7,181.4,SAR 67.87,Wholesale
11513,2025-10-15,Makkah,Clothing,Cotton T-Shirt,2,54.6,109.2,31.4,Wholesale
10721,2025-06-01,Madinah,Home & Kitchen,Blender,2,203.91,$407.82,168.92,Online
13046,2026-06-25,Jeddah,Electronics,Laptop Stand,3,77.9,233.7,SAR 80.50,Online
11750,2025-11-22,Riyadh,Clothing,Cotton T-Shirt,6,53.67,322.02,107.44,Wholesale
10350,2025-04-03,Jeddah,Clothing,Cotton T-Shirt,,67.84,407.04,150.03,
12107,2026-01-16,Riyadh,Home & Kitchen,Coffee Maker,5,287.26,1436.3,426.52,
12640,2026-04-14,Dammam,Clothing,Leather Belt,3,106.98,320.94,93.56,Retail
12719,2026-04-30,Makkah,Beauty,Skincare Set,1,259.8,259.8,SAR 111.17,Wholesale
12311,2026-02-18,Madinah,Beauty,Perfume,6,365.54,"$2,193.24",778.09,Online
13099,2026-07-06,Dammam,Clothing,Denim Jacket,5,252.39,1261.95,532.79,Wholesale
10410,2025-04-11,Jeddah,home & kitchen,Vacuum Cleaner,5,551.79,2758.95,1178.7,Retail
12813,2026-05-15,Riyadh,clothing,Leather Belt,3,94.76,$284.28,91.21,Wholesale
12347,2026-02-25,Riyadh,Clothing,Cotton T-Shirt,5,53.87,$269.35,91.23,Online
11711,2025-11-15,Riyadh,Beauty,Hair Dryer,1,167.01,$167.01,65.76,Retail
12281,2026-02-13,Riyadh,Beauty,Perfume,6,343.54,2061.24,SAR 716.05,Wholesale
12762,2026-05-07,Riyadh,Clothing,Leather Belt,4,105.79,423.16,147.95,Retail
10486,2025-04-23,Jeddah,Home & Kitchen,Blender,4,223.05,$892.20,396.23,Online
11888,2025-12-11,Jeddah,beauty,Perfume,4,375.72,1502.88,481.34,Retail
11420,2025-09-30,Jeddah,Beauty,Face Serum,4,134.03,536.12,192.36,Online
11244,2025-08-28,Dammam,clothing,Cotton T-Shirt,5,62.32,$311.60,97.4,Retail
12099,2026-01-15,Jeddah,Beauty,Makeup Kit,4,202.07,808.28,327.93,Retail
10712,2025-05-31,  JEDDAH  ,Clothing,Wool Scarf,6,75.04,450.24,146.32,Wholesale
10171,2025-03-03,Dammam,Sports,Resistance Bands,1,58.97,$58.97,24.63,Retail
12818,2026-05-16,  RIYADH  ,Electronics,Power Bank,3,86.9,260.7,101.03,Online
12258,2026-02-10,  RIYADH  ,Sports,Sports Bottle,5,44.38,$221.90,SAR 81.43,Retail
13165,2026-07-16,Riyadh,Beauty,Perfume,3,362.34,1087.02,322.52,Retail
11397,2025-09-27,Madinah,Home & Kitchen,Coffee Maker,3,317.65,$952.95,335.37,Retail
11044,2025-07-24,  RIYADH  ,Sports,Cycling Helmet,1,202.44,202.44,59.83,Retail
12974,2026-06-11,Makkah,Beauty,Skincare Set,6,250.49,1502.94,SAR 591.80,Wholesale
12425,2026-03-09,Riyadh,Electronics,Smart Watch,1,444.19,444.19,199.63,Retail
12642,2026-04-15,Jeddah,Home & Kitchen,Vacuum Cleaner,5,656.16,3280.8,1269.97,Retail
12334,2026-02-22,Makkah,Beauty,Hair Dryer,2,147.09,294.18,SAR 128.28,Online
10545,2025-05-03,Riyadh,Home & Kitchen,Air Fryer,,318.43,"$1,273.72",388.29,Retail
12210,2026-02-03,Makkah,Home & Kitchen,Vacuum Cleaner,3,625.54,1876.62,738.86,Retail
11631,2025-11-02,  JEDDAH  ,Sports,Sports Bottle,6,39.88,239.28,96.26,Online
10134,2025-02-25,Makkah,Electronics,Smart Watch,4,452.13,1808.52,SAR 724.10,Online
10603,2025-05-13,Riyadh,Clothing,Wool Scarf,3,82.16,246.48,84.95,Wholesale
12761,2026-05-07,Jeddah,Beauty,Skincare Set,1,252.5,252.5,96.32,Online
12824,2026-05-17,Madinah,Electronics,Wireless Earbuds,5,163.31,816.55,233.87,Retail
10577,2025-05-09,Jeddah,Clothing,Cotton T-Shirt,3,59.31,177.93,77.01,Online
12341,2026-02-24,Dammam,Beauty,Face Serum,4,130.17,520.68,194.89,Wholesale
12231,2026-02-06,Jeddah,Sports,Yoga Mat,2,90.08,180.16,SAR 77.54,Wholesale
11681,2025-11-11,Riyadh,Sports,Cycling Helmet,6,214.77,"$1,288.62",SAR 426.19,Online
11986,2025-12-27,Riyadh,Electronics,Bluetooth Speaker,3,205.86,617.58,231.91,Wholesale
12540,2026-03-28,  JEDDAH  ,Beauty,Hair Dryer,2,159.2,318.4,125.8,Retail
11240,2025-08-27,Madinah,Beauty,Perfume,5,321.18,1605.9,483.31,Online
11326,2025-09-11,Dammam,Beauty,Hair Dryer,4,144.6,578.4,235.64,Online
10682,2025-05-27,Riyadh,Clothing,Wool Scarf,5,82.95,414.75,124.75,Online
12073,2026-01-10,  DAMMAM  ,Beauty,Makeup Kit,3,241.22,723.66,215.45,Retail
12596,2026-04-06,Riyadh,Home & Kitchen,Air Fryer,4,395.82,"$1,583.28",530.89,Wholesale
12618,2026-04-11,Dammam,Beauty,Skincare Set,2,280.53,561.06,202.61,Retail
10996,2025-07-17,Riyadh,Beauty,Skincare Set,6,286.54,1719.24,510.77,Wholesale
10865,2025-06-24,Madinah,Sports,Yoga Mat,2,84.42,168.84,52.04,Online
11067,2025-07-29,  MAKKAH  ,beauty,Face Serum,1,121.8,121.8,41.16,Wholesale
11469,2025-10-08,Madinah,clothing,Denim Jacket,,271.83,815.49,247.17,Online
12874,2026-05-25,Riyadh,Electronics,Wireless Earbuds,6,148.97,893.82,261.61,Wholesale
10349,2025-04-03,Madinah,Clothing,Wool Scarf,2,88.27,176.54,69.45,Retail
12574,2026-04-01,  MAKKAH  ,Sports,Yoga Mat,5,90.62,453.1,173.24,Retail
11828,2025-12-03,Riyadh,Electronics,Power Bank,6,81.82,$490.92,210.29,Retail
11070,2025-07-29,Jeddah,sports,Yoga Mat,4,85.96,343.84,SAR 120.18,Wholesale
11427,2025-10-01,Makkah,Home & Kitchen,Vacuum Cleaner,3,629.87,"$1,889.61",686.31,Online
13112,2026-07-08,Madinah,Beauty,Hair Dryer,4,152.81,611.24,SAR 205.61,Retail
10802,2025-06-15,Makkah,Sports,Dumbbell Set,4,248.71,994.84,351.05,Online
10944,2025-07-05,Madinah,electronics,Laptop Stand,6,78.31,469.86,172.24,Wholesale
11560,2025-10-23,Madinah,Beauty,Face Serum,1,121.91,121.91,52.61,Wholesale
10265,2025-03-20,  DAMMAM  ,Clothing,Denim Jacket,3,255.77,$767.31,329.46,
12592,2026-04-06,  JEDDAH  ,home & kitchen,Blender,1,223.66,$223.66,83.89,Online
12760,2026-05-06,Riyadh,Beauty,Perfume,3,355.39,"$1,066.17",462.79,Retail
12480,2026-03-18,Jeddah,clothing,Denim Jacket,2,247.19,494.38,SAR 219.39,Retail
10319,2025-03-29,Jeddah,Beauty,Makeup Kit,3,213.63,640.89,209.64,Retail
11801,2025-11-29,Riyadh,Home & Kitchen,Non-stick Pan Set,6,213.43,1280.58,384.21,Wholesale
12854,2026-05-22,Dammam,Electronics,Power Bank,5,87.31,436.55,SAR 166.85,Online
10269,2025-03-20,  RIYADH  ,Beauty,Perfume,6,359.24,"$2,155.44",922.92,Online
10923,2025-07-02,Dammam,Electronics,Smart Watch,5,452.26,"$2,261.30",958.33,Wholesale
11208,2025-08-21,Dammam,Sports,Resistance Bands,1,60.81,$60.81,26.15,Wholesale
12904,2026-05-29,Dammam,Clothing,Running Shoes,3,321.32,963.96,420.15,Retail
12753,2026-05-05,Madinah,electronics,Smart Watch,3,427.36,1282.08,413.27,Online
10827,2025-06-18,Dammam,Clothing,Denim Jacket,1,,232.29,103.5,
12998,2026-06-15,Riyadh,Clothing,Wool Scarf,5,87.02,$435.10,144.45,Wholesale
11747,2025-11-22,Makkah,Sports,Dumbbell Set,4,227.75,911.0,264.55,Wholesale
12664,2026-04-19,Riyadh,Clothing,Denim Jacket,,278.72,1672.32,501.49,Retail
11302,2025-09-08,Madinah,Sports,Sports Bottle,6,43.04,258.24,101.25,
10892,2025-06-28,Dammam,Sports,Yoga Mat,3,91.95,275.85,SAR 105.34,Wholesale
10359,2025-04-04,Riyadh,Electronics,Wireless Earbuds,1,149.46,149.46,45.85,Retail
11322,2025-09-10,  DAMMAM  ,Sports,Resistance Bands,6,66.62,399.72,132.44,Online
13015,2026-06-19,Makkah,Clothing,Cotton T-Shirt,6,54.79,$328.74,144.84,Wholesale
10849,2025-06-21,  MADINAH  ,Sports,Yoga Mat,2,99.73,$199.46,80.33,Online
11287,2025-09-06,Riyadh,Clothing,Leather Belt,4,107.69,430.76,146.6,Online
11223,2025-08-24,  DAMMAM  ,Clothing,Denim Jacket,3,271.93,815.79,345.72,Wholesale
10100,2025-02-18,Jeddah,Electronics,Bluetooth Speaker,4,191.23,764.92,283.78,Online
10415,2025-04-12,Madinah,Sports,Sports Bottle,4,41.78,167.12,63.4,Wholesale
11942,2025-12-20,Madinah,Electronics,Laptop Stand,6,79.16,474.96,156.02,Wholesale
10690,2025-05-28,Dammam,sports,Sports Bottle,5,38.67,193.35,77.95,Online
10964,2025-07-09,Jeddah,Clothing,Denim Jacket,6,240.97,"$1,445.82",539.91,Retail
10843,2025-06-21,  MADINAH  ,Beauty,Skincare Set,5,294.6,1473.0,568.03,Wholesale
13013,2026-06-18,Madinah,Clothing,Denim Jacket,2,269.81,539.62,210.38,Retail
12074,2026-01-10,Jeddah,Home & Kitchen,Air Fryer,1,330.66,330.66,131.34,Online
10061,2025-02-11,Dammam,Sports,Sports Bottle,6,44.67,$268.02,96.18,Retail
11340,2025-09-16,Riyadh,Sports,Cycling Helmet,2,191.63,383.26,166.29,Wholesale
12292,2026-02-15,Dammam,Sports,Yoga Mat,4,90.64,$362.56,SAR 145.96,
12985,2026-06-14,Madinah,Beauty,Hair Dryer,6,173.72,1042.32,429.0,Online
10969,2025-07-11,Jeddah,Clothing,Cotton T-Shirt,1,62.61,62.61,25.14,Wholesale
12214,2026-02-04,Riyadh,beauty,Perfume,2,383.14,766.28,308.84,Retail
11497,2025-10-12,Dammam,Clothing,Running Shoes,1,309.27,309.27,SAR 87.71,Online
12421,2026-03-08,Dammam,Clothing,Leather Belt,6,94.06,564.36,188.23,Retail
10724,2025-06-02,Jeddah,Beauty,Face Serum,2,129.69,259.38,110.79,Online
12711,2026-04-28,Madinah,Home & Kitchen,Coffee Maker,2,292.69,$585.38,226.05,
10129,2025-02-24,Riyadh,Beauty,Face Serum,3,124.24,$372.72,160.38,Wholesale
10414,2025-04-12,  MADINAH  ,Electronics,Bluetooth Speaker,1,203.21,203.21,SAR 84.70,Wholesale
11339,2025-09-15,Madinah,Home & Kitchen,Air Fryer,1,391.36,391.36,148.76,Online
11859,2025-12-08,Riyadh,Home & Kitchen,Air Fryer,5,338.31,1691.55,516.03,Online
10426,2025-04-14,Jeddah,Clothing,Denim Jacket,6,244.15,1464.9,597.56,Online
10836,2025-06-20,  MADINAH  ,sports,Sports Bottle,6,35.48,$212.88,81.78,Online
11818,2025-12-02,Madinah,Home & Kitchen,Non-stick Pan Set,3,,774.18,278.21,Retail
11055,2025-07-26,  MADINAH  ,Beauty,Makeup Kit,4,207.44,$829.76,363.57,Wholesale
10953,2025-07-07,Riyadh,Clothing,Leather Belt,4,112.37,449.48,135.77,Online
10116,2025-02-22,Makkah,Home & Kitchen,Vacuum Cleaner,,548.12,"$2,740.60",785.95,Retail
12361,2026-02-27,Makkah,Sports,Dumbbell Set,6,273.51,"$1,641.06",SAR 627.90,Retail
12796,2026-05-13,Riyadh,Electronics,Wireless Earbuds,5,158.54,792.7,279.58,Retail
11773,2025-11-25,  DAMMAM  ,Electronics,Bluetooth Speaker,3,208.53,$625.59,215.94,Online
13001,2026-06-16,Dammam,Clothing,Denim Jacket,2,234.62,469.24,160.11,Wholesale
12737,2026-05-03,Jeddah,Clothing,Wool Scarf,1,71.73,71.73,20.33,Wholesale
10380,2025-04-07,Madinah,Sports,Sports Bottle,1,35.36,35.36,13.78,Retail
12103,2026-01-15,Madinah,Home & Kitchen,Air Fryer,2,330.55,661.1,227.72,Retail
10786,2025-06-12,Dammam,Sports,Dumbbell Set,5,258.07,1290.35,498.38,Online
11965,2025-12-24,Makkah,Electronics,Laptop Stand,1,67.6,67.6,23.14,Retail
12419,2026-03-08,  DAMMAM  ,Sports,Yoga Mat,4,102.1,408.4,SAR 168.96,Online
13253,2026-07-30,Madinah,Electronics,Laptop Stand,2,65.09,130.18,46.71,Wholesale
12936,2026-06-04,Riyadh,Home & Kitchen,Coffee Maker,2,,601.76,214.45,Retail
10442,2025-04-17,  MAKKAH  ,Clothing,Cotton T-Shirt,1,55.17,55.17,SAR 23.67,Online
12645,2026-04-15,Madinah,Home & Kitchen,Non-stick Pan Set,6,222.55,1335.3,541.48,Retail
10538,2025-05-02,Riyadh,Clothing,Wool Scarf,2,89.14,$178.28,67.89,Wholesale
11236,2025-08-26,Riyadh,Clothing,Leather Belt,3,110.84,$332.52,137.71,Online
12731,2026-05-02,Riyadh,Clothing,Cotton T-Shirt,4,63.61,254.44,100.13,Retail
10762,2025-06-09,Dammam,Sports,Yoga Mat,4,97.66,390.64,SAR 175.19,Retail
10405,2025-04-10,Jeddah,Beauty,Perfume,1,378.44,$378.44,113.48,
10595,2025-05-12,Madinah,Electronics,Power Bank,,96.27,577.62,212.61,Online
10742,2025-06-05,Jeddah,Sports,Cycling Helmet,4,210.49,841.96,287.87,Online
10606,2025-05-13,Makkah,Clothing,Wool Scarf,1,76.12,76.12,31.72,Retail
11120,2025-08-07,Dammam,Clothing,Wool Scarf,2,79.17,158.34,67.32,Wholesale
12901,2026-05-28,Riyadh,Sports,Yoga Mat,2,82.32,$164.64,71.76,Retail
11113,2025-08-06,Dammam,Clothing,Wool Scarf,4,,359.04,107.59,Retail
13130,2026-07-11,  MADINAH  ,Sports,Cycling Helmet,3,207.72,623.16,224.61,Online
11923,2025-12-16,Dammam,Home & Kitchen,Blender,4,212.66,850.64,378.51,Online
11917,2025-12-16,Dammam,Electronics,Smart Watch,2,360.9,721.8,284.98,Retail
12038,2026-01-05,Riyadh,clothing,Wool Scarf,1,,73.48,24.16,Retail
10491,2025-04-24,Dammam,Sports,Dumbbell Set,1,279.86,279.86,88.9,Retail
10810,2025-06-16,Madinah,home & kitchen,Vacuum Cleaner,4,632.4,2529.6,711.6,Online
11761,2025-11-24,Madinah,Sports,Sports Bottle,5,42.25,211.25,64.62,Online
10637,2025-05-19,Madinah,Electronics,Wireless Earbuds,2,170.29,$340.58,108.49,
11713,2025-11-16,  RIYADH  ,Sports,Cycling Helmet,2,221.55,443.1,129.2,Online
10425,2025-04-14,Riyadh,Clothing,Wool Scarf,1,90.7,90.7,27.45,Retail
12487,2026-03-19,Riyadh,Home & Kitchen,Coffee Maker,2,308.46,$616.92,SAR 253.05,Retail
11216,2025-08-23,Dammam,electronics,Smart Watch,6,361.57,2169.42,743.85,Online
10636,2025-05-18,Madinah,Sports,Sports Bottle,4,,142.12,42.25,Retail
11032,2025-07-22,Jeddah,Electronics,Bluetooth Speaker,3,199.97,$599.91,176.94,Wholesale
12785,2026-05-11,Riyadh,Beauty,Perfume,5,326.79,1633.95,659.86,Wholesale
10808,2025-06-16,Jeddah,Home & Kitchen,Air Fryer,3,374.63,1123.89,484.49,Wholesale
11102,2025-08-04,  RIYADH  ,Electronics,Smart Watch,3,414.23,"$1,242.69",493.88,Online
